current_activity,precision,lifts,time_spent,recommended_activity
Numbers,0.9464857283587429,2,48.98455001363846,Numbers
Words,0.4060926755008568,2,14.998745790900145,Words_Review
Letters,0.8889997791269559,3,17.143340896097037,Letters
Letters,0.31399745612114566,1,46.09993861334124,Letters_Review
MathBasics,0.44439059526122776,7,59.610577964560875,MathBasics_Review
Lines,0.5068847252124856,5,10.35331526098587,Lines_Review
Lines,0.49803581533466845,2,29.993048585762775,Lines_Review
Numbers,0.9621537528121922,6,32.8034992108518,Numbers
MathBasics,0.43577817186768464,6,59.16154429033941,MathBasics_Review
Lines,0.33158628064959844,2,44.015376929388985,Lines_Review
Lines,0.3442350832299901,3,57.11008778424264,Lines_Review
MathBasics,0.8497101967191936,0,10.79831261101071,ReadSimple
Shapes,0.7652784580282667,6,44.16317594127291,Shapes
Numbers,0.6367202988756637,6,18.6682326753886,Numbers
Lines,0.47597038748801146,7,47.76807051588263,Lines_Review
MathBasics,0.6536462544009113,1,38.385016390999574,MathBasics
Words,0.9593175468798998,1,32.487706668488286,MathBasics
Shapes,0.9084825982908011,5,46.36359979282104,Shapes
MathBasics,0.4332683464450187,0,58.058601217467455,MathBasics_Review
Words,0.5643005569888477,1,36.984606619453984,Words
Shapes,0.9563736089396138,3,37.13480415791243,Shapes
Lines,0.5014659838787761,4,13.72753218398854,Lines_Review
Lines,0.8251264431217269,3,24.674408735901906,Lines
Letters,0.4352128347803875,7,46.45035840204937,Letters_Review
Lines,0.7120527828510876,1,27.92328642721363,Lines
Lines,0.9221725793697708,0,41.1649063413779,Shapes
Shapes,0.36487887921347967,6,25.549116085783112,Shapes_Review
Words,0.7961322012698835,7,23.736089649503207,Words
Letters,0.6211061491101255,4,58.58560476945519,Letters
Letters,0.8173338330594901,1,21.799245987447787,Numbers
MathBasics,0.6357810055277857,0,45.533144484289366,MathBasics
Shapes,0.3172850061859847,4,20.08596011676981,Shapes_Review
Lines,0.5137620671319021,7,44.775804321306374,Lines_Review
Words,0.46951871582123494,4,36.992054565083656,Words_Review
Words,0.45558275253430325,7,39.9432733244268,Words_Review
Letters,0.409630475332723,1,41.21770240668966,Letters_Review
MathBasics,0.7307145544270879,5,32.82672852414551,MathBasics
Numbers,0.4268676400425043,5,54.16401294594341,Numbers_Review
Shapes,0.38301980919645784,0,25.900173748593193,Shapes_Review
Lines,0.485049929581552,2,31.355389431312815,Lines_Review
Numbers,0.5397468223072349,2,10.347606526559535,Numbers_Review
Letters,0.5838394821411697,4,44.62180164451352,Letters
Shapes,0.529578316554467,6,18.41455210864653,Shapes_Review
Lines,0.5746085963194677,5,58.589104136048036,Lines
Numbers,0.4678757227302488,6,34.86242529461927,Numbers_Review
Lines,0.4006991123683119,7,11.84434736772664,Lines_Review
Lines,0.9640981699662039,3,12.573937562499466,Lines
Words,0.5346484486581444,0,21.97809453334862,Words_Review
Shapes,0.6610355166556527,1,59.282522705530035,Shapes
Numbers,0.3549802619062464,7,21.881877199619986,Numbers_Review
MathBasics,0.5500925302490922,3,59.171157044742145,MathBasics
MathBasics,0.6643267851708357,7,49.917256249227556,MathBasics
Lines,0.5181304441807804,5,44.79064033954409,Lines_Review
Letters,0.7018072013680043,2,21.012052378277417,Letters
Shapes,0.648223279643511,2,27.433299364586468,Shapes
Numbers,0.9395558198529306,7,29.33676731502687,Numbers
Shapes,0.8696428720169829,2,27.053317552512926,Shapes
Lines,0.4421687021016453,6,53.86696766904905,Lines_Review
Letters,0.4554140148221637,7,50.86111001006079,Letters_Review
Lines,0.6513124060642896,0,22.092614545022585,Lines
MathBasics,0.910106715408262,4,54.13181715946698,MathBasics
Lines,0.4896325197626836,2,46.297783943511966,Lines_Review
Letters,0.8823005184771029,5,48.99377729288119,Letters
Numbers,0.3572151761966332,7,49.26703255569718,Numbers_Review
Numbers,0.6948669025767891,7,15.073577143301605,Numbers
Letters,0.9620914089936157,1,18.04040257087493,Numbers
Shapes,0.6302173524386341,2,42.59806297513003,Shapes
Lines,0.41962917182059484,3,21.862454374840006,Lines_Review
Words,0.42159944227050355,7,42.48164495236073,Words_Review
Letters,0.7471767667642335,0,37.12701152774497,Letters
Letters,0.5500467460804148,6,22.523090930279206,Letters
MathBasics,0.9616471772316628,4,34.33710764797276,MathBasics
Letters,0.5953881685470914,4,35.1318546552596,Letters
Numbers,0.7548683605709077,0,19.762149389902227,Numbers
Words,0.6394514983216315,3,11.215798321572692,Words
Lines,0.3296505647930149,3,57.02292921764572,Lines_Review
Words,0.4901010324217958,5,28.50793501277222,Words_Review
Lines,0.9480888559762881,4,31.409207415865716,Lines
Words,0.68915887903617,3,52.650472773368,Words
Words,0.5618664554493091,6,23.423742844507842,Words
Letters,0.41525506774654286,0,29.73457334047361,Letters_Review
MathBasics,0.7733002617389816,7,13.520806542477196,MathBasics
Shapes,0.7182049141554354,5,27.932339064808193,Shapes
Letters,0.5007976001248783,1,47.03843088771022,Letters_Review
Lines,0.3929025053805796,5,27.97455756098776,Lines_Review
Words,0.501626897680503,1,50.50566973395904,Words_Review
Lines,0.7158293233886627,3,35.56711994304689,Lines
Lines,0.7269682021650725,3,42.49819653888826,Lines
MathBasics,0.8411390152165485,3,54.33085744753299,MathBasics
Numbers,0.6936281289451398,7,38.9140070498087,Numbers
MathBasics,0.5231438138828177,1,37.13223173537883,MathBasics_Review
Words,0.8704747814071669,1,11.52501249695247,MathBasics
Numbers,0.32640761941200774,6,28.009532070563143,Numbers_Review
Numbers,0.5221228444213077,7,48.499677654930544,Numbers_Review
Numbers,0.9563712446657233,6,14.2673732496884,Numbers
Words,0.43217842311651367,5,37.031756080505325,Words_Review
Numbers,0.39026688712521945,1,35.81501741505977,Numbers_Review
MathBasics,0.32792591140215555,7,23.541612563103712,MathBasics_Review
Numbers,0.8059489972393985,1,11.267537170772876,Words
Words,0.3549936172996944,6,44.798710304684896,Words_Review
Words,0.33957164494574166,1,17.8218521335543,Words_Review
Shapes,0.4630554042270342,5,45.72979613500312,Shapes_Review
Words,0.4903550499232411,7,35.83481287132833,Words_Review
Words,0.7159701074393594,6,12.38580638458244,Words
Shapes,0.5420614214828579,4,16.00823239028211,Shapes_Review
Words,0.378929395544703,4,14.707849413428006,Words_Review
MathBasics,0.8817131971274847,3,18.766513494466928,MathBasics
Shapes,0.8190878076426593,4,33.67358853902829,Shapes
Lines,0.6159781927989357,4,29.92523671986867,Lines
Shapes,0.9454190974821424,3,12.265200488602225,Shapes
Shapes,0.7255847426856807,1,35.05199419576296,Shapes
Words,0.7650953631907359,7,13.528437370021493,Words
Shapes,0.3180276911683028,7,41.820179872300564,Shapes_Review
Numbers,0.6913224409555976,1,38.668352083596666,Numbers
Lines,0.6116119655342312,2,51.03197378719777,Lines
Numbers,0.5625497937045265,0,42.5742385928894,Numbers
Letters,0.4331379716567215,4,20.729455985418706,Letters_Review
MathBasics,0.3123908414430538,2,40.91269421689464,MathBasics_Review
Lines,0.7458913920589045,4,52.24376554847273,Lines
Shapes,0.5316247072356832,2,24.092738738669997,Shapes_Review
Numbers,0.7711654439105187,1,41.4471423389942,Numbers
Words,0.3266467021394394,0,50.17404651924243,Words_Review
Lines,0.6726208806086993,4,47.53073758204292,Lines
Letters,0.9735434965604577,7,16.38448647112328,Letters
Lines,0.8279608133045577,7,53.3558303604861,Lines
Words,0.4622458646574313,6,47.54355338957487,Words_Review
Lines,0.462000583634706,5,55.127645333978336,Lines_Review
MathBasics,0.6376616096644928,0,26.002480051530586,MathBasics
Letters,0.36798972327006707,3,10.541882574014918,Letters_Review
Lines,0.876057337985001,0,25.965681879520744,Shapes
MathBasics,0.7602035350085261,3,38.671894406164306,MathBasics
Words,0.36235882013576715,3,26.4332272684958,Words_Review
Letters,0.4446549686164757,4,49.578952186292426,Letters_Review
Lines,0.37715592937186465,4,34.72101523512907,Lines_Review
MathBasics,0.6736796399801401,4,46.851777839550444,MathBasics
Words,0.5386222085354135,1,58.432597198706745,Words_Review
Lines,0.817827229567881,3,53.34343526554207,Lines
MathBasics,0.35719262815819824,4,21.128820878551526,MathBasics_Review
Lines,0.8588648403174421,1,17.330241084601276,Shapes
Words,0.3576896455779305,2,39.065270861339116,Words_Review
Words,0.5520366600054858,3,21.834259684103937,Words
Lines,0.7024843423984732,3,28.81297927654579,Lines
Letters,0.828459902830657,5,45.254218214832996,Letters
Shapes,0.9163209818644205,6,31.722592224413567,Shapes
Words,0.30772047844184497,3,38.57365126025053,Words_Review
Numbers,0.3807961830622889,4,51.139517593834654,Numbers_Review
Lines,0.763106810425898,3,58.10862742372709,Lines
Numbers,0.4942842186716653,7,36.41850606486046,Numbers_Review
Words,0.9549913268196155,3,58.89503343771354,Words
Words,0.32934874012639176,4,12.170039164908637,Words_Review
Words,0.975216061361124,4,22.649508399462057,Words
Letters,0.9591257242209872,1,18.310771595462647,Numbers
Lines,0.7731091085095396,6,59.79156875146853,Lines
MathBasics,0.6973337321077081,7,46.85503529215096,MathBasics
Letters,0.4910549689227166,7,12.89319488788537,Letters_Review
MathBasics,0.6098465918942848,3,26.78300323984816,MathBasics
Shapes,0.4279223886121577,1,29.41341919949361,Shapes_Review
Numbers,0.6968861560585929,3,28.017254760263413,Numbers
Numbers,0.9706233062461298,5,11.615797555482523,Numbers
Lines,0.5104787790747028,3,40.13909410116493,Lines_Review
Words,0.3905658851521498,2,51.12686214615845,Words_Review
Shapes,0.5833145592621658,4,40.6707597967895,Shapes
Shapes,0.35626892562400814,5,53.30319447502042,Shapes_Review
Words,0.41208729757316065,7,28.82316834390248,Words_Review
Lines,0.6266516556691211,6,17.52084455517641,Lines
Words,0.8097132439837289,0,58.49571989073016,MathBasics
Letters,0.6869753990327083,0,33.434657989748516,Letters
Letters,0.3910194407844305,4,12.818774832546357,Letters_Review
MathBasics,0.7703657900748602,4,59.98588366430653,MathBasics
MathBasics,0.920952711535197,6,48.44937075902553,MathBasics
Words,0.8148152173888699,2,22.36740508715988,Words
MathBasics,0.43943082338443695,0,57.70255136293612,MathBasics_Review
Words,0.44091480132547833,0,43.58503422029283,Words_Review
Shapes,0.5435506482623316,7,11.109237101515081,Shapes_Review
Shapes,0.6538092366145793,5,51.56857450312506,Shapes
Shapes,0.8794834202166073,5,58.398688271991155,Shapes
MathBasics,0.8961244498076746,0,39.497794856881804,ReadSimple
Words,0.7218104949203559,1,50.252233375968096,Words
MathBasics,0.7197393242261585,1,27.529377940329848,MathBasics
Shapes,0.732918138703152,6,31.873746101186452,Shapes
Shapes,0.5368137175758442,5,32.545522370805216,Shapes_Review
Numbers,0.5026124270485263,1,53.11818543733726,Numbers_Review
Words,0.8416008074582364,1,56.32938125807472,MathBasics
Shapes,0.8228640640944702,3,32.95678781191307,Shapes
Shapes,0.722147865407022,1,26.437580514375412,Shapes
Letters,0.6941619554407821,2,13.793166405433196,Letters
Lines,0.6128810281088289,7,17.595134675614716,Lines
MathBasics,0.7744139501139136,3,19.09400421995724,MathBasics
Lines,0.909816118736088,2,35.761802743210545,Lines
Shapes,0.7093160689678528,2,12.043430813323944,Shapes
Words,0.534656186919223,1,18.85052421383734,Words_Review
Words,0.6731264102610378,4,33.03893840163629,Words
Shapes,0.9080677387692295,0,35.17086354274284,Letters
Words,0.5186762799824197,1,49.97051994545213,Words_Review
Lines,0.7676936076253364,7,53.67893120533886,Lines
Words,0.30176461658087966,3,50.31006398965307,Words_Review
Lines,0.7061490959336927,3,20.467466166835514,Lines
MathBasics,0.46055924251983493,3,28.445681978488622,MathBasics_Review
Shapes,0.8082802379309544,5,17.386954595311334,Shapes
Letters,0.7850777184014957,6,52.22203363168144,Letters
Letters,0.6618371699804146,4,53.360749053736164,Letters
MathBasics,0.6621797411894157,6,15.243458326624046,MathBasics
Words,0.4239530373636515,6,26.103958279158913,Words_Review
MathBasics,0.522698199480982,3,21.66082057749006,MathBasics_Review
Words,0.703642868416753,3,27.75521516396524,Words
Lines,0.6389406952717589,6,39.209974235708465,Lines
MathBasics,0.6990519602541978,7,39.32677173303796,MathBasics
Numbers,0.3867546059009833,0,26.872341693595907,Numbers_Review
Numbers,0.7392237241054888,1,22.217657773232727,Numbers
Letters,0.9708303691792262,4,56.68459118799373,Letters
Words,0.36921208138187456,5,28.267840983702882,Words_Review
Numbers,0.8785559121285793,5,24.254758434692356,Numbers
Lines,0.3545589470499167,2,10.912124071418052,Lines_Review
Words,0.9680174594978523,6,54.83051314870104,Words
Numbers,0.9592398946272507,3,10.26500031988027,Numbers
MathBasics,0.4753739223905591,7,46.144804831088784,MathBasics_Review
MathBasics,0.9319756726067583,6,36.751836602245525,MathBasics
Shapes,0.4903857836889932,3,20.253878007472956,Shapes_Review
Shapes,0.5201018807548856,2,19.975346366915986,Shapes_Review
Numbers,0.46483861804225457,6,45.36150478222223,Numbers_Review
MathBasics,0.4962687762033739,4,35.305197817967354,MathBasics_Review
Numbers,0.5180366906684697,2,12.591176841121346,Numbers_Review
Shapes,0.6089022211089877,4,13.168748523638387,Shapes
Numbers,0.43717671438456035,7,50.493722292731746,Numbers_Review
Lines,0.39440084594057384,0,48.011392994484325,Lines_Review
Letters,0.6217530167152867,5,30.592045707363425,Letters
MathBasics,0.3725554900771365,4,51.530970389386454,MathBasics_Review
Numbers,0.5777924391964235,4,46.54337376018221,Numbers
Lines,0.4394012308362013,2,13.324813368338875,Lines_Review
MathBasics,0.3327043578955796,4,16.988618831314476,MathBasics_Review
Lines,0.8103413088404132,3,18.182797143285224,Lines
Words,0.42675539101593796,2,43.25986103481001,Words_Review
Shapes,0.9173489687145109,0,53.86002704065541,Letters
Lines,0.76442780312365,7,31.95674542851092,Lines
MathBasics,0.9117738627986776,4,25.068893708207106,MathBasics
Lines,0.4579046326998357,0,29.574105510075096,Lines_Review
Shapes,0.6696159455575121,7,21.451269546239818,Shapes
Letters,0.593439137332781,2,41.38540265357089,Letters
Shapes,0.3947050094111033,6,53.93145576867191,Shapes_Review
Lines,0.6627535425438986,6,38.65754246286943,Lines
Words,0.40313891821827075,0,45.349023062172954,Words_Review
Letters,0.8058834789494203,5,20.227229658473163,Letters
Shapes,0.8184719063036694,2,47.73176459300583,Shapes
MathBasics,0.8584549671769688,6,28.941078277845786,MathBasics
Words,0.38669229038574804,7,35.11441737312651,Words_Review
Words,0.6307230877570132,3,46.11262841965331,Words
Shapes,0.3082980891762703,2,44.697422223355,Shapes_Review
Numbers,0.7870017708184074,2,27.284799675195973,Numbers
Letters,0.9521708603035388,7,39.16958973830602,Letters
Shapes,0.9441526709360344,3,55.59262044214824,Shapes
MathBasics,0.3685403300508028,0,10.905509191042025,MathBasics_Review
Numbers,0.7032147755759985,3,38.25665917946044,Numbers
Numbers,0.8372575532443789,4,45.36193171566993,Numbers
Shapes,0.8244477345934218,6,40.3357523191428,Shapes
MathBasics,0.3525783245323753,5,56.718350738450745,MathBasics_Review
MathBasics,0.9192666148138848,0,15.661902292037762,ReadSimple
Words,0.412553947049757,3,16.233134060163344,Words_Review
Lines,0.5258595606053584,5,35.94190285630361,Lines_Review
Words,0.5579278749021732,4,26.759862082295047,Words
Numbers,0.8356971243258549,1,26.67495858455721,Words
Numbers,0.6654290099977875,2,56.148011589924245,Numbers
Shapes,0.62696914510057,2,32.61089704449036,Shapes
Letters,0.3223357357655381,2,17.042851018989992,Letters_Review
Lines,0.6388900854628462,5,11.69395801232975,Lines
Lines,0.5464278513993105,6,23.879358631470907,Lines_Review
Shapes,0.3089042304800669,4,35.75868412034063,Shapes_Review
Lines,0.9535278158792295,0,37.86526844450239,Shapes
MathBasics,0.35803777429347783,4,19.223143570942803,MathBasics_Review
Lines,0.5107571098626553,5,47.49802351995889,Lines_Review
Letters,0.8438517750105032,5,20.25698202410036,Letters
Words,0.7249836711947155,4,33.60334725549996,Words
Letters,0.3446818748112796,5,45.70295998949141,Letters_Review
Shapes,0.6565853831427544,3,34.0543974193793,Shapes
MathBasics,0.6805554252895881,6,15.149073966565776,MathBasics
Words,0.35134228738664464,2,28.665465813987648,Words_Review
Shapes,0.9102526786768412,1,30.43670855490482,Letters
Numbers,0.8710564244304679,6,42.94619709550757,Numbers
Lines,0.675171364776351,2,21.55373982940357,Lines
Letters,0.643745357792103,7,15.205429099228692,Letters
Words,0.4214103701969468,0,37.8360792391683,Words_Review
Shapes,0.8476141778033754,7,46.11334659278296,Shapes
MathBasics,0.8645495079055543,3,57.220486278863675,MathBasics
MathBasics,0.4393893208827582,6,26.19950305533998,MathBasics_Review
Shapes,0.3088413079873005,6,46.79523065980012,Shapes_Review
Words,0.3180418986341974,4,53.82220379376469,Words_Review
Words,0.5865686944028985,1,55.531200177015194,Words
Words,0.5324357991545556,1,51.25536657113299,Words_Review
Letters,0.7014005609100692,3,51.53272532826249,Letters
Words,0.5783999234900434,5,28.137894733297273,Words
Words,0.500236716488504,3,58.727363259943495,Words_Review
Numbers,0.3952769595211877,1,38.288830998328024,Numbers_Review
Letters,0.908295514287982,7,19.10535694107916,Letters
Shapes,0.3152791296576798,5,47.084347211433276,Shapes_Review
Shapes,0.7307651894817802,6,20.901155374704324,Shapes
MathBasics,0.8677525610235233,3,16.61381055626652,MathBasics
Words,0.4167419143768464,6,44.15919282227407,Words_Review
MathBasics,0.9217231884611392,4,50.75272142012285,MathBasics
Lines,0.4863575500673001,0,30.262404401384437,Lines_Review
MathBasics,0.8642244265208971,6,15.328936506433717,MathBasics
MathBasics,0.3930822284467889,0,23.324919668544112,MathBasics_Review
Letters,0.7062409094758095,3,41.65490316787238,Letters
Words,0.4192524694639457,4,51.90534815891479,Words_Review
Words,0.5605341992096582,1,31.10180297753437,Words
Shapes,0.413072690754134,2,19.21854603394816,Shapes_Review
Words,0.710143434437144,1,13.412485267704579,Words
Letters,0.4963117410040759,7,55.7756838645957,Letters_Review
Letters,0.502042766623759,2,57.465339852888285,Letters_Review
MathBasics,0.3918008686464207,7,20.747018929537838,MathBasics_Review
Numbers,0.6670930896575715,2,39.75389653501274,Numbers
Letters,0.875557337533899,2,39.84214244584446,Letters
Shapes,0.7238661346153936,1,15.32991265668859,Shapes
Lines,0.5390473095712688,0,34.77456581030992,Lines_Review
Letters,0.7068345196223451,0,22.32010166195534,Letters
Letters,0.3528804339736908,3,44.73482354272134,Letters_Review
MathBasics,0.3035725966197017,3,28.04869484700134,MathBasics_Review
Numbers,0.8490525712353976,0,16.84093154594807,Words
Shapes,0.7695809580630355,0,19.256646441930982,Shapes
MathBasics,0.9515561392426726,2,46.61124432047806,MathBasics
Words,0.8161443749664179,4,44.613828225892625,Words
MathBasics,0.9667922241223919,1,34.47124818215703,ReadSimple
Letters,0.9716142454377199,4,43.49587322750196,Letters
Shapes,0.700019354739553,0,19.028767256366677,Shapes
Words,0.6217828802953067,6,11.697298929289943,Words
Words,0.7970960965916314,2,56.21980976882652,Words
Shapes,0.5867986086167485,4,33.71071083287319,Shapes
MathBasics,0.33732017795960295,2,25.95502366216278,MathBasics_Review
Shapes,0.738291722425559,5,39.81349392410265,Shapes
Letters,0.6812604919223895,4,13.847660081460457,Letters
Words,0.6605802901917321,1,46.238338576438075,Words
Numbers,0.6892508764147567,7,36.97456461876686,Numbers
Words,0.7499255190547682,4,41.294568821850454,Words
Words,0.7187869679639671,5,30.875304201394606,Words
Letters,0.8916672342526322,5,10.011876178794228,Letters
Words,0.6596772511385041,7,56.62949547126264,Words
Letters,0.9785951951626695,3,12.63419179886143,Letters
Lines,0.5733130212542846,4,33.98906634282524,Lines
Numbers,0.9691767590555207,1,14.584966755571507,Words
Numbers,0.8015559650804462,5,10.167318102148961,Numbers
Words,0.541143067195728,5,52.64109108459507,Words_Review
Shapes,0.4588532707139387,0,23.86328228483868,Shapes_Review
Words,0.9716512250205014,0,15.473379933955759,MathBasics
Lines,0.7621601522312874,3,57.82078487797125,Lines
Words,0.8347146098025753,2,39.427711448662265,Words
MathBasics,0.7085429435806947,5,40.67056946053539,MathBasics
Lines,0.8054799195676643,3,21.58358506917217,Lines
Numbers,0.8697214999926068,5,40.38683974394296,Numbers
Words,0.38183035818379724,2,18.826401600275414,Words_Review
Shapes,0.32497771745009724,1,48.97922367833767,Shapes_Review
MathBasics,0.8445233872483149,5,58.45513150704057,MathBasics
Lines,0.6524170493399466,3,59.745391132321764,Lines
Words,0.4769586902070385,2,47.911923785204564,Words_Review
MathBasics,0.9775083275485725,2,50.79165624953089,MathBasics
MathBasics,0.7235974203958806,4,36.84872114467068,MathBasics
Lines,0.908546580034931,4,14.574341869887743,Lines
Lines,0.5659954409346581,2,16.47574606414021,Lines
Lines,0.330176131202601,1,53.106380863272534,Lines_Review
Lines,0.5237549284515123,0,37.542868530456964,Lines_Review
Letters,0.4913458531927182,3,28.6344258506157,Letters_Review
Letters,0.7919256773082377,1,36.63012597003811,Letters
Words,0.4497245773258717,4,54.72399654840337,Words_Review
Words,0.8788207015531626,7,54.14531345687306,Words
MathBasics,0.7028372935684719,1,38.56594709597871,MathBasics
Shapes,0.6697696574382315,4,23.351413508471065,Shapes
MathBasics,0.654457012282682,7,42.922591732921276,MathBasics
Lines,0.40699164859771764,7,45.41814883575174,Lines_Review
Letters,0.4623092212846919,4,44.00703858801502,Letters_Review
Letters,0.811847314899196,6,54.08185663851751,Letters
Words,0.8928535988667576,2,53.95357401140658,Words
Shapes,0.3876315098819427,2,21.431258076246174,Shapes_Review
Shapes,0.8562175764009623,5,47.83179018924673,Shapes
Numbers,0.30434239276744685,7,14.204911223399233,Numbers_Review
Letters,0.967206601058648,0,15.792192839012884,Numbers
Shapes,0.7311238781077356,7,50.93397102499209,Shapes
MathBasics,0.49267320482059546,6,37.063328933805515,MathBasics_Review
Shapes,0.5324730729063065,3,18.97486617119167,Shapes_Review
Words,0.36970661503366187,3,18.687673765378342,Words_Review
Numbers,0.3461292001915169,2,18.318879346613617,Numbers_Review
Numbers,0.34579840899876474,1,33.67869442175443,Numbers_Review
MathBasics,0.7222225520818844,2,52.62073295993238,MathBasics
MathBasics,0.9619724990406298,4,32.29791535051608,MathBasics
Letters,0.38845864328882973,4,29.18061302028109,Letters_Review
Words,0.31504401503971813,5,28.59167646193623,Words_Review
Letters,0.4717059497880999,6,32.29513531883742,Letters_Review
MathBasics,0.6186068034026373,3,31.30906511179865,MathBasics
Words,0.8808626466338647,6,49.740477437496466,Words
Words,0.5028946130731949,7,14.119052280792134,Words_Review
MathBasics,0.45643650446137507,2,23.662976349910466,MathBasics_Review
Lines,0.9550009243392896,7,31.616740052130094,Lines
Words,0.9184766674445164,4,41.92629738320428,Words
MathBasics,0.816863973337906,4,59.19888239799141,MathBasics
Lines,0.5181050634979266,5,21.49773029455431,Lines_Review
Words,0.4362442176131246,0,42.58334126879425,Words_Review
Numbers,0.6826701947135001,3,33.66049533457786,Numbers
Numbers,0.4261573506781223,0,14.558224520309583,Numbers_Review
Letters,0.8744525951194835,3,10.89309462391597,Letters
Words,0.38924651682402356,4,55.591801747995554,Words_Review
Shapes,0.7193222138741018,5,33.10486453828303,Shapes
MathBasics,0.3797695684944282,0,40.36532241313356,MathBasics_Review
Numbers,0.5926080085316345,5,21.277007122186774,Numbers
Numbers,0.34366207721109115,5,26.296273197603746,Numbers_Review
Shapes,0.842340188433288,2,59.2175703701452,Shapes
Lines,0.3079019671375084,1,44.022831317966265,Lines_Review
Shapes,0.6263584076076439,6,46.094381396346755,Shapes
Letters,0.7725876825660489,0,57.63243190193585,Letters
Lines,0.32694080123688285,5,47.45808195506415,Lines_Review
Lines,0.46459061078651864,0,38.54522509220821,Lines_Review
MathBasics,0.720345899336321,3,27.300828382241978,MathBasics
Shapes,0.5219936896059144,1,36.71211029882225,Shapes_Review
Lines,0.5384263132222429,0,51.22570234484169,Lines_Review
Shapes,0.5699078278170853,1,58.87331931573929,Shapes
Shapes,0.7688361790133407,1,51.072036400493324,Shapes
Shapes,0.4138881559361674,0,57.577498717766346,Shapes_Review
Words,0.7804034940110927,5,39.7388318688468,Words
Lines,0.33534047288300123,7,24.941794316865693,Lines_Review
Numbers,0.8922590041473382,1,41.265233010697386,Words
Numbers,0.5308261309291081,2,34.21992237870203,Numbers_Review
Letters,0.9084753261211587,3,39.8737931315965,Letters
MathBasics,0.607576433472444,2,12.037705304623639,MathBasics
Numbers,0.7974808747936256,2,46.24132799370292,Numbers
Numbers,0.4680301991268996,4,33.96394642881437,Numbers_Review
Letters,0.4490655114034701,6,33.50912963483326,Letters_Review
Words,0.42384018266831547,6,31.682766697819446,Words_Review
Letters,0.4099373300198258,5,45.96008891361319,Letters_Review
MathBasics,0.525973945241474,7,58.73965810733915,MathBasics_Review
Letters,0.35543801289565014,2,44.01141212156457,Letters_Review
Words,0.5845118562940038,6,22.884144425560685,Words
Numbers,0.41845146887321244,4,46.3584534883154,Numbers_Review
Words,0.8754467985729535,4,27.296749627348145,Words
Numbers,0.8220522438854105,3,12.005459570624124,Numbers
Lines,0.6495171901099329,0,31.930770959479524,Lines
Words,0.5689503154973303,3,53.67116190408303,Words
Shapes,0.8392101443318294,6,23.841389861752578,Shapes
Letters,0.4930210794538786,4,20.533109450283327,Letters_Review
Words,0.616752708773769,4,46.65565112076405,Words
Letters,0.8276801407840919,3,55.45162603328205,Letters
Shapes,0.46152946094823677,5,35.63076026029026,Shapes_Review
Words,0.8809818634913138,4,31.858269440841326,Words
MathBasics,0.8921099328653077,6,39.645919991589096,MathBasics
Lines,0.7505824697256578,6,18.176193629251138,Lines
Letters,0.5122606785535839,3,22.906671635056377,Letters_Review
Words,0.30614067480809415,0,48.67365628433003,Words_Review
Numbers,0.9594783106534104,6,21.733701913077553,Numbers
Shapes,0.3499777881844086,5,26.544468149458595,Shapes_Review
Words,0.5291621599732746,5,17.287828412237584,Words_Review
Words,0.4691257053595883,2,57.429167742571686,Words_Review
Lines,0.4135884973726459,3,28.96792949612119,Lines_Review
Letters,0.8007533702446354,4,36.675596264984776,Letters
Lines,0.8740359052990541,3,32.318432325629274,Lines
MathBasics,0.43997202282500236,4,11.70938829695791,MathBasics_Review
MathBasics,0.3388190621407341,6,21.55654562138233,MathBasics_Review
Shapes,0.32675360765458655,6,21.235058848633997,Shapes_Review
Words,0.9350350119189752,4,15.165447856200784,Words
Letters,0.3282695441542666,1,29.86894942322005,Letters_Review
Shapes,0.9562807135765108,2,10.868989509273982,Shapes
Lines,0.7346015577145402,0,39.005611484773404,Lines
Letters,0.6324156745747056,3,36.61224944131496,Letters
MathBasics,0.5093923602820098,7,56.99098959634209,MathBasics_Review
Numbers,0.7579340546609437,1,19.41745418828007,Numbers
Words,0.6017501491271083,4,58.16734164101995,Words
Shapes,0.7499099982523798,6,57.230710973701164,Shapes
Shapes,0.3119108737862023,1,40.892362010060694,Shapes_Review
Lines,0.32066320059384906,7,49.775518584820155,Lines_Review
Numbers,0.7600291023285275,2,57.04376781690324,Numbers
MathBasics,0.5678277958448277,4,38.859261835587404,MathBasics
MathBasics,0.7473348071300645,1,40.24769613452704,MathBasics
Lines,0.8891782939187989,0,53.537672516862955,Shapes
Lines,0.3615275527951945,6,46.92246046256633,Lines_Review
Numbers,0.7423479204983667,5,26.351658078161936,Numbers
MathBasics,0.5979571955601516,1,48.11425673883079,MathBasics
Lines,0.515693087400471,4,50.89171080875108,Lines_Review
MathBasics,0.6702525866133777,0,26.419061394254054,MathBasics
Lines,0.5491938437125505,6,38.17194636742294,Lines_Review
Letters,0.5642195088638351,0,39.82427374927108,Letters
Lines,0.602205227870817,5,13.659796188422181,Lines
Letters,0.41454218189704933,5,40.97451730048073,Letters_Review
MathBasics,0.6403028102089041,4,53.16668247859126,MathBasics
Shapes,0.625843676788217,4,50.68831441597932,Shapes
Lines,0.5585330207743828,1,36.331189863447975,Lines
Numbers,0.6241529230279882,2,48.244163077106414,Numbers
MathBasics,0.8078754869723594,3,57.77618479774674,MathBasics
Words,0.8592275247955994,2,10.378143748907107,Words
Words,0.910660773285991,0,42.73465407156741,MathBasics
Letters,0.34098182539690136,4,33.95916147218,Letters_Review
Letters,0.3689661633454672,4,40.867587870648705,Letters_Review
Words,0.4937135733341075,2,56.48029387109946,Words_Review
Numbers,0.666629668139173,7,14.481316957747106,Numbers
MathBasics,0.7869824584717715,0,58.836261933128945,MathBasics
Shapes,0.3828825434691243,2,16.161132708608303,Shapes_Review
Numbers,0.4233780764330263,4,19.22925647685165,Numbers_Review
Lines,0.6857723093476544,1,55.887624458568865,Lines
Numbers,0.6288110397695488,6,50.78743217521404,Numbers
Numbers,0.32952052234127704,1,15.615217220560957,Numbers_Review
Words,0.7090960376995051,5,35.758758516686584,Words
Numbers,0.45509424492527406,0,42.330295671143006,Numbers_Review
Shapes,0.5453253129952078,1,55.00115616990056,Shapes_Review
Lines,0.46107198010264777,4,25.103025091739752,Lines_Review
Letters,0.8787984973798841,6,43.37749496457352,Letters
Shapes,0.8213261719362761,1,32.588383936861455,Letters
Shapes,0.4040289845634226,0,46.843687247209104,Shapes_Review
Shapes,0.6215665366305638,4,14.785727776008086,Shapes
Words,0.7365406203014209,3,20.30930822592132,Words
Letters,0.45772402535886325,5,41.60077430102092,Letters_Review
Lines,0.6378014640242351,1,23.72701270000627,Lines
Words,0.7595720466594156,1,31.409980746280738,Words
Lines,0.7708565829005714,6,27.05450122371103,Lines
MathBasics,0.3707945615812331,1,26.861356637771017,MathBasics_Review
Words,0.3540051709125109,7,42.264491876285845,Words_Review
Numbers,0.43046978080874515,7,28.347803960240032,Numbers_Review
MathBasics,0.5413974879657173,3,32.120496824033474,MathBasics_Review
Numbers,0.3459765432427061,4,13.496580285471707,Numbers_Review
Words,0.48438025682012564,7,42.54386845235971,Words_Review
MathBasics,0.45696384862472816,1,26.650095652909897,MathBasics_Review
MathBasics,0.33559043553482565,3,43.09195949246893,MathBasics_Review
Lines,0.9769267336788947,6,33.26028061418591,Lines
MathBasics,0.6823618347969787,3,58.08328679774066,MathBasics
Words,0.7692033257580526,0,18.523896908695875,Words
Shapes,0.3657399857597693,0,51.09032219505434,Shapes_Review
Numbers,0.5363486364825077,3,59.061818717215196,Numbers_Review
Letters,0.9304809172460278,4,15.991450100882318,Letters
Letters,0.4036428890646838,4,46.85901125036216,Letters_Review
Numbers,0.46568656692342925,5,36.047898863602114,Numbers_Review
MathBasics,0.4747921411738143,7,47.763521024840394,MathBasics_Review
Lines,0.7137707606086581,3,49.101404383519295,Lines
Shapes,0.3429141424938221,3,25.15641779726643,Shapes_Review
Shapes,0.5323386612899061,0,14.382137338191928,Shapes_Review
Letters,0.4625576258941406,0,25.276215532901176,Letters_Review
Numbers,0.49019840616060584,1,40.029716668030865,Numbers_Review
MathBasics,0.9251865417858036,2,38.72936911588833,MathBasics
Numbers,0.8789689712666651,1,35.05764995910049,Words
Lines,0.3791291505621237,1,41.39750263863179,Lines_Review
MathBasics,0.8970225379026473,5,46.07110336643659,MathBasics
Letters,0.8372206966888016,3,50.93675020371351,Letters
Words,0.31556780098376175,2,44.747554445123086,Words_Review
Shapes,0.9509795637683192,1,42.0486038672666,Letters
Lines,0.6911110783377049,4,53.10072411363113,Lines
Numbers,0.7123322422146954,0,40.31264688754887,Numbers
MathBasics,0.8639460354960729,3,35.12830382317212,MathBasics
Lines,0.8611365218425864,4,28.376721114576572,Lines
Words,0.31755209672565116,0,21.627567918269005,Words_Review
Words,0.6736800844086115,7,16.10175260621975,Words
Numbers,0.5120349704979765,5,53.805259629902125,Numbers_Review
Words,0.37185198529798585,5,10.016625306024471,Words_Review
Letters,0.7213198093305241,3,28.239910957226474,Letters
Letters,0.6838199416616401,1,32.99002118846601,Letters
Shapes,0.629529079172828,1,12.889028049818332,Shapes
Lines,0.5926292807060664,0,17.11246843435981,Lines
Lines,0.8322333077060213,5,15.052290550532334,Lines
Numbers,0.7202751385152864,3,59.83484269264884,Numbers
Lines,0.458198966222623,3,25.312681039330585,Lines_Review
Numbers,0.7458920973419263,5,31.304169194518575,Numbers
Words,0.9028908663635173,5,42.703789768599904,Words
Letters,0.5500763585965569,3,34.08174232674312,Letters
Words,0.563213557028229,4,10.55156322143236,Words
Shapes,0.39098654067005234,4,10.959613841152834,Shapes_Review
Words,0.8169970797230517,1,19.484742408733858,MathBasics
Words,0.4463372729717215,4,51.71516829773837,Words_Review
Words,0.9635941533388366,1,13.230833992204307,MathBasics
Numbers,0.5525578260020957,0,37.39797444868465,Numbers
Words,0.8741628162629387,6,17.461888897508807,Words
MathBasics,0.4020330919919093,3,22.17389842024336,MathBasics_Review
Shapes,0.6236923279707611,0,40.7040655592368,Shapes
Words,0.6124238025160709,4,57.81110953244742,Words
Lines,0.9496275868226711,0,42.93460731037218,Shapes
Lines,0.7679316001388485,3,13.820842971902572,Lines
Lines,0.8717926740096273,1,22.652921640039228,Shapes
Words,0.8610898932315185,6,42.96769611028913,Words
Letters,0.6060846140454366,0,40.696679238003085,Letters
Numbers,0.6064213665762354,4,17.508450040852082,Numbers
Numbers,0.6483109061526187,4,12.391541019705272,Numbers
Lines,0.8074209350876502,0,13.604216799933669,Shapes
Letters,0.30823376315972345,4,35.42896447237892,Letters_Review
Shapes,0.6141239169362499,3,27.485161487292476,Shapes
Letters,0.7497320155278817,3,27.74206801284452,Letters
Shapes,0.36690904180511014,5,51.52672282024199,Shapes_Review
Shapes,0.3142425735010207,7,35.73287932867558,Shapes_Review
Lines,0.5009024486846457,7,21.3921208771555,Lines_Review
Lines,0.5597189549639692,1,10.521384969870153,Lines
Numbers,0.7182088182664292,5,13.462715314292996,Numbers
Lines,0.6606054506094277,5,54.7907298685941,Lines
Shapes,0.8431256503251106,3,33.716805495310695,Shapes
Shapes,0.709279480952699,4,56.01485906097039,Shapes
Numbers,0.40651413714218965,1,26.91337529972492,Numbers_Review
Shapes,0.45273861605381926,0,28.79964449706557,Shapes_Review
MathBasics,0.5987953929922274,0,18.184190073265075,MathBasics
Numbers,0.4636710440461034,4,43.79911377931777,Numbers_Review
Letters,0.9031089321423031,7,59.62077002447351,Letters
Shapes,0.8548439184986596,6,53.96343299989191,Shapes
Numbers,0.924870042874897,1,41.80353818649125,Words
MathBasics,0.6131668581464151,7,47.409595298949874,MathBasics
MathBasics,0.8279842636198127,3,12.692910349901307,MathBasics
MathBasics,0.8121673884211138,0,56.869403324855945,ReadSimple
Words,0.7950040801769053,1,16.586438672728097,Words
Numbers,0.8560940243027226,6,34.41970650324698,Numbers
Numbers,0.7983050504410503,2,47.909250553826865,Numbers
Lines,0.6456851719030703,6,15.296535627924648,Lines
Words,0.36375470603897847,3,41.814567698962406,Words_Review
Words,0.40884871176910964,1,37.902116257448355,Words_Review
Lines,0.8043642018287924,2,59.59049756746817,Lines
Letters,0.5730161347856759,1,42.878015638901154,Letters
Lines,0.6774577655255546,7,50.75591922401839,Lines
Letters,0.427856819538483,0,28.762995222133316,Letters_Review
Lines,0.6768740296097713,5,52.402389556538594,Lines
Shapes,0.32401172135936257,0,10.55158071312329,Shapes_Review
Lines,0.9514899664811785,0,43.91894114275709,Shapes
Letters,0.8725398526177619,5,53.83253809141003,Letters
Words,0.38480555869974553,6,32.43053154772713,Words_Review
Numbers,0.8306718477801467,5,39.65221670933921,Numbers
Words,0.7508685630603347,5,44.78090732484034,Words
Words,0.31976853863388854,5,27.77465052206787,Words_Review
Lines,0.5636180444302681,0,39.410113347419525,Lines
Numbers,0.6468746044992011,2,13.242679724148417,Numbers
Shapes,0.6818095198124761,3,12.640198023426404,Shapes
Shapes,0.707570896650795,2,23.491036006410717,Shapes
Numbers,0.5190334428758461,6,13.85291395671656,Numbers_Review
MathBasics,0.7728826408630762,3,49.24484885557338,MathBasics
MathBasics,0.4426925565023584,3,35.86345282208047,MathBasics_Review
Words,0.40026771816027307,6,46.77528032437688,Words_Review
Lines,0.3602482921821397,3,13.127111344868421,Lines_Review
Numbers,0.8002509176826491,2,46.680791502115625,Numbers
MathBasics,0.7369443356839303,0,41.87766322351149,MathBasics
Numbers,0.8342431002945576,2,44.295563552493185,Numbers
MathBasics,0.8081093196645857,6,38.59361356135933,MathBasics
Words,0.42544385213087477,4,58.98233575169417,Words_Review
Letters,0.31781376180180404,0,39.2905072985951,Letters_Review
MathBasics,0.4856881507815124,0,56.48084614378421,MathBasics_Review
Letters,0.9396618866784314,1,52.636400993785564,Numbers
Shapes,0.8934565703295292,4,33.08664068061911,Shapes
Numbers,0.845797450661083,1,56.86766471079322,Words
Numbers,0.39076638124284174,3,12.492101389147077,Numbers_Review
Shapes,0.9183853305657093,7,46.475411432619836,Shapes
MathBasics,0.3389505707327839,5,40.51125747388207,MathBasics_Review
Numbers,0.571208500198536,3,42.84775781335698,Numbers
Numbers,0.3091137859738726,7,12.852736057562716,Numbers_Review
MathBasics,0.32467558337718144,6,22.34893995359999,MathBasics_Review
Numbers,0.8352460897690908,1,23.59748630643155,Words
MathBasics,0.5916430776255062,0,48.83552784775906,MathBasics
Numbers,0.40633962699434456,3,11.680680009164131,Numbers_Review
Numbers,0.7213956193356026,2,16.96226855587976,Numbers
Numbers,0.5143288743462041,2,27.367166312942135,Numbers_Review
Shapes,0.7980651376499011,2,58.16972171067752,Shapes
Words,0.3355353579144961,3,49.38565077638543,Words_Review
MathBasics,0.7969582561868962,1,58.97754201908784,MathBasics
Words,0.7448387290023706,1,19.559535073239452,Words
Lines,0.6154740909480686,0,57.35179938693615,Lines
Numbers,0.5376643330190367,0,11.101758014875209,Numbers_Review
Words,0.4532155123668398,1,14.44201225437822,Words_Review
MathBasics,0.6816314960321169,0,59.0258411000553,MathBasics
Words,0.8848949914776156,1,37.12729016977114,MathBasics
MathBasics,0.6732102865696399,1,14.086267287338913,MathBasics
MathBasics,0.8759047351002207,1,18.28872700816379,ReadSimple
Shapes,0.7516477818636838,0,43.451116866455415,Shapes
Shapes,0.8861510977149052,2,42.548673357547706,Shapes
MathBasics,0.49759954066832146,6,35.62513243851659,MathBasics_Review
Numbers,0.5420618941804998,2,12.597828877713422,Numbers_Review
Lines,0.43692737185246255,6,53.606785001123825,Lines_Review
Shapes,0.5245462441126183,5,47.7053840158082,Shapes_Review
Words,0.7485479691484247,3,53.52892125230034,Words
Letters,0.9437138088557329,7,59.249482807043755,Letters
Shapes,0.679426902372195,1,13.260229563024602,Shapes
MathBasics,0.53369097097419,3,36.93508989763571,MathBasics_Review
Numbers,0.8428740479925432,6,42.8390052362147,Numbers
Lines,0.5702193455300152,2,48.78059254626638,Lines
Letters,0.4330143056702702,3,36.166481559737065,Letters_Review
Numbers,0.8391410049430108,3,23.822084529169803,Numbers
Lines,0.5692599214104692,7,54.847896521176715,Lines
Shapes,0.4074092795280366,3,37.891009596460066,Shapes_Review
Shapes,0.5153979404059181,2,28.15503683170052,Shapes_Review
Letters,0.48829505141691004,7,35.35255519327205,Letters_Review
Numbers,0.43737065451369317,7,28.184656237807012,Numbers_Review
Numbers,0.8578567050653019,4,32.016170918417444,Numbers
MathBasics,0.9580739964303044,2,54.12081842036694,MathBasics
Numbers,0.8030166258181675,6,58.35633076295852,Numbers
Words,0.9691950169448185,4,46.25927740136954,Words
Shapes,0.4128493288011338,5,58.989122892726094,Shapes_Review
Letters,0.4103187159320859,2,44.343049883751455,Letters_Review
Letters,0.6586317430434199,0,51.1479223110743,Letters
Shapes,0.35399647755726005,4,58.67286949880866,Shapes_Review
Numbers,0.8835603961468714,3,55.91039998113876,Numbers
MathBasics,0.7829651030638518,3,59.4032783326387,MathBasics
Shapes,0.8587130904431206,3,25.7030397496366,Shapes
Shapes,0.8570934713125935,3,26.760402368543637,Shapes
Shapes,0.4661511597347969,3,51.29891063540409,Shapes_Review
MathBasics,0.7889726642006217,2,17.098599488049693,MathBasics
Lines,0.8029764844941993,1,47.44131684816532,Shapes
Lines,0.5961437089907483,7,27.61874733048272,Lines
Words,0.8482131990825776,5,58.95524690075773,Words
Letters,0.3211586079438032,4,43.8088781037717,Letters_Review
Shapes,0.514145320256818,7,13.482057408120287,Shapes_Review
MathBasics,0.8819013360559347,3,59.587130858391944,MathBasics
Letters,0.772022389986685,0,20.776493439566593,Letters
Words,0.3225687611024498,4,30.415317137972554,Words_Review
Numbers,0.9380472765449681,3,21.638157355064436,Numbers
Lines,0.8361441934122431,4,54.942369409012365,Lines
Letters,0.9168926208799641,2,10.009419977829095,Letters
Letters,0.3754728390651671,7,28.975145168735928,Letters_Review
MathBasics,0.8879032544754155,7,16.442435600012743,MathBasics
Letters,0.9642242233872482,5,33.95350315516756,Letters
Lines,0.3285767791165556,7,11.358750804542208,Lines_Review
MathBasics,0.4904253840943328,7,45.38441631653094,MathBasics_Review
MathBasics,0.9193237099178624,1,44.96576875631018,ReadSimple
Numbers,0.31224445780830906,6,41.06722486267648,Numbers_Review
Lines,0.5072307448625706,6,36.63379433807775,Lines_Review
Letters,0.8934726109049669,5,20.922159144165356,Letters
Words,0.667674964118539,7,23.165789187660003,Words
Lines,0.30843474466857407,7,24.191422351176016,Lines_Review
MathBasics,0.706883089322476,2,21.317574717074297,MathBasics
MathBasics,0.8053713751374902,3,13.224563562458377,MathBasics
Numbers,0.8795394345860033,0,26.520400193788692,Words
MathBasics,0.9067656987349635,6,41.30880857965691,MathBasics
Words,0.8699434848153085,7,11.733513336324165,Words
Letters,0.4820881393320672,5,52.78480469187697,Letters_Review
Words,0.34327581831491677,3,21.011265068865754,Words_Review
Numbers,0.3781544380005054,4,36.26198787600801,Numbers_Review
Lines,0.7550561787978933,0,13.234344675756578,Lines
Lines,0.31709653162854545,6,31.521370516049508,Lines_Review
Numbers,0.9192600740158949,5,48.69398278650782,Numbers
Lines,0.5317546758570957,3,32.16900071895938,Lines_Review
Words,0.7292891361025522,3,49.440113195267976,Words
Letters,0.4614547584948683,6,16.584671923601924,Letters_Review
Numbers,0.5614677027984725,4,58.53831032373915,Numbers
Numbers,0.9463611157586183,1,33.64485664054524,Words
Lines,0.6442609204567378,6,30.348595481713193,Lines
MathBasics,0.47298627497245593,0,11.988298249428478,MathBasics_Review
MathBasics,0.3310411469416209,7,21.942833020096383,MathBasics_Review
Shapes,0.9606422298127144,4,33.64856730477551,Shapes
Letters,0.43334644466210714,2,32.373407066122894,Letters_Review
Numbers,0.4407549533381302,4,36.85037441756792,Numbers_Review
Lines,0.30521154220147323,5,51.66585357365062,Lines_Review
Numbers,0.37345751280887013,1,33.14259775079253,Numbers_Review
Words,0.6889930774911246,5,29.839842354315824,Words
MathBasics,0.933592529214315,0,50.834108772535906,ReadSimple
Lines,0.7196052309601049,7,36.57997323022154,Lines
Letters,0.64504011832811,0,11.483411153236991,Letters
Letters,0.33050042625602666,2,16.574455994899083,Letters_Review
MathBasics,0.41233867874973806,7,31.09140892694157,MathBasics_Review
Numbers,0.8999358181444963,4,45.70163222334282,Numbers
Numbers,0.7587333399830269,0,51.189519211064734,Numbers
Numbers,0.858414832134154,7,53.14402514562062,Numbers
MathBasics,0.3347720593806285,4,51.47937784326252,MathBasics_Review
Lines,0.7105809080055836,1,22.83471141550229,Lines
Numbers,0.561010440470586,6,43.133225652967774,Numbers
Words,0.38229700032993125,3,37.479182836107185,Words_Review
Lines,0.3482852118826137,1,26.054054854352508,Lines_Review
Lines,0.9403734839008691,6,42.30480875025315,Lines
Shapes,0.5461055937697481,2,39.93462011595487,Shapes_Review
MathBasics,0.7325453115584886,5,15.786880333935269,MathBasics
Numbers,0.4168569673024243,5,16.027920820184512,Numbers_Review
Shapes,0.6603942355899647,2,36.69837362738819,Shapes
Shapes,0.30796049529701475,5,36.62463497185733,Shapes_Review
Letters,0.6304803357823701,4,29.968437419734546,Letters
Words,0.383642240684147,0,20.802568250584358,Words_Review
Lines,0.7958379715336246,0,13.369227739276127,Lines
Words,0.7708951221350732,1,30.194893208506187,Words
Words,0.4872591984936846,4,53.08712474591477,Words_Review
MathBasics,0.6035652711530759,1,29.211981006869067,MathBasics
Letters,0.8831423896096728,6,47.967551287630656,Letters
Letters,0.6958951476839974,1,28.502616733712763,Letters
MathBasics,0.7797983865978007,0,36.29062994366619,MathBasics
Shapes,0.41346493715515187,4,42.287025504780615,Shapes_Review
Words,0.9052659839249897,0,57.33222169967731,MathBasics
Letters,0.31730447673591056,3,28.945513902940718,Letters_Review
Letters,0.5316108332752782,6,49.586012963067326,Letters_Review
Letters,0.5116278966431076,5,52.35697448468925,Letters_Review
Shapes,0.8723718859863796,7,59.40179830777959,Shapes
Lines,0.37157624593396843,0,17.027648378918038,Lines_Review
Words,0.4553709877932441,7,35.272755895522494,Words_Review
Letters,0.3923365520034772,1,11.94980062874558,Letters_Review
MathBasics,0.9294333844172282,2,18.001246823159704,MathBasics
Shapes,0.5129802575277183,4,32.92615044409453,Shapes_Review
MathBasics,0.3884324921075743,1,15.80694801002628,MathBasics_Review
Shapes,0.5548664260916215,2,54.42018361543406,Shapes
Numbers,0.9765034216803385,0,59.20065816052321,Words
Words,0.7126765922723124,5,29.47409474512102,Words
Words,0.9601046645005287,5,37.07038036737926,Words
Words,0.6249573446551249,4,37.0852406205002,Words
MathBasics,0.46789705013395816,6,32.0220675156212,MathBasics_Review
Shapes,0.8622341821815649,4,19.731191835243596,Shapes
Lines,0.6450635289614246,6,23.512384606539165,Lines
Numbers,0.8648681871536521,3,27.363851951525376,Numbers
Numbers,0.6964294097919297,4,32.202187460110146,Numbers
Shapes,0.6324505256188668,2,49.119416473004364,Shapes
Letters,0.8986140382612704,7,26.29115587822249,Letters
Shapes,0.6137829480833725,6,29.75688716321593,Shapes
Numbers,0.8797392916930564,4,37.151229197883154,Numbers
Letters,0.3900132177437813,2,55.4727305468621,Letters_Review
Letters,0.540353303571812,6,53.498457982384245,Letters_Review
Words,0.8071848262663681,6,16.241040698342417,Words
Lines,0.7629140072131302,0,53.85452905090945,Lines
Numbers,0.9593332542567048,2,33.13378025326968,Numbers
Numbers,0.6287170564617397,7,34.59655500528645,Numbers
Shapes,0.6341643607194185,2,20.161154554304364,Shapes
Letters,0.6476673142965108,0,28.113404354929557,Letters
Lines,0.8885924590246954,5,32.79896378799685,Lines
Numbers,0.8627128670322861,6,39.5703379711244,Numbers
Words,0.624008700969239,6,15.46321051548107,Words
Numbers,0.30215413703487715,0,52.34844271035303,Numbers_Review
Letters,0.5120913744029107,2,32.41595276847111,Letters_Review
Words,0.9606424688256003,4,56.31913033650434,Words
Shapes,0.6242535584561155,4,11.527472854668998,Shapes
Letters,0.7709220534452333,1,41.627205498291396,Letters
Words,0.5439265572835691,1,26.670366107955527,Words_Review
Letters,0.44327937542969814,0,49.66970071526739,Letters_Review
Letters,0.9785181818637452,7,59.732432077999896,Letters
MathBasics,0.30973438881360077,0,27.089120236838085,MathBasics_Review
Words,0.803523769728393,4,10.283290726478363,Words
Words,0.858910112439152,0,48.30579663977931,MathBasics
Numbers,0.776023305485031,6,14.430235698483953,Numbers
Lines,0.791741650795948,5,30.37715155162154,Lines
MathBasics,0.3166589448220036,2,27.441026698473966,MathBasics_Review
Letters,0.7298210840642447,4,57.38440129822354,Letters
Shapes,0.30414034880309054,2,36.12882996683726,Shapes_Review
Shapes,0.35226621118779117,6,52.10372186992896,Shapes_Review
Numbers,0.7808188045413547,3,17.259825644233015,Numbers
Shapes,0.5739538321901931,6,20.55562355830681,Shapes
Shapes,0.4910830592579252,7,24.625754553537092,Shapes_Review
MathBasics,0.48099424851056544,5,26.0747850623941,MathBasics_Review
Words,0.8727169075138845,0,42.0238021087922,MathBasics
Words,0.32289504118543344,2,27.890704205677444,Words_Review
Lines,0.8165357715158617,6,54.432954013269935,Lines
MathBasics,0.6086838567136827,3,41.239193139470125,MathBasics
Numbers,0.7332217692150154,1,22.09658401577648,Numbers
Numbers,0.45956434040757754,4,50.197925377626014,Numbers_Review
MathBasics,0.6830364730485939,3,17.143798066970586,MathBasics
Shapes,0.5729830290209716,6,24.213704646375835,Shapes
Shapes,0.8601691012687922,6,12.71660174114519,Shapes
Numbers,0.5736637134548949,0,10.006734650224265,Numbers
Shapes,0.8324513133753784,1,23.808477891044973,Letters
MathBasics,0.9090941736297975,7,51.96692461780012,MathBasics
Lines,0.5314521074879186,3,47.04520280760357,Lines_Review
Words,0.9330034130013496,0,28.011695940021394,MathBasics
Letters,0.6841893632191725,1,25.667395879257157,Letters
Numbers,0.9168958786612231,2,31.690870978826478,Numbers
Lines,0.5565732897563,7,58.20392082450541,Lines
Words,0.3788954233167551,6,34.69070202284644,Words_Review
Lines,0.9325162564981286,0,45.19285458171656,Shapes
Shapes,0.3945987772459395,4,45.65230253171593,Shapes_Review
Words,0.4243089209266923,7,48.05188951253915,Words_Review
Lines,0.7597535973617995,0,24.902610431972157,Lines
Words,0.6232764933380501,2,42.2074610737958,Words
Shapes,0.37126948419834904,5,57.83999077421431,Shapes_Review
Numbers,0.8887577123512014,2,32.8849802579647,Numbers
Shapes,0.7314084187948768,2,28.49066279935883,Shapes
Numbers,0.884090546086028,4,30.82522159519395,Numbers
Words,0.5827423004674661,1,20.599702734932904,Words
Lines,0.8914389601435633,5,54.00783689607425,Lines
Lines,0.841443604982741,6,40.38760611263613,Lines
Shapes,0.5684193606144832,7,42.58198802386383,Shapes
Shapes,0.8012256542937948,5,42.24163020111569,Shapes
Words,0.7638918388260951,5,19.960763744702653,Words
Numbers,0.3580321088093409,2,28.389299387807647,Numbers_Review
Lines,0.8598504122780881,5,35.793095135616404,Lines
Numbers,0.36790943837260115,1,10.734669432747692,Numbers_Review
Words,0.9195267178818207,1,10.966381545880052,MathBasics
Numbers,0.9452152499651687,2,34.64322922237233,Numbers
MathBasics,0.6610376213202238,5,23.33375983309888,MathBasics
Words,0.6155847084283825,3,12.08284091913412,Words
Shapes,0.760728741872088,3,32.74594447537935,Shapes
Lines,0.6544813124048144,1,52.85647799281411,Lines
MathBasics,0.31152441212491505,2,29.12901617853177,MathBasics_Review
Lines,0.3817409158019918,5,31.775381273609533,Lines_Review
Words,0.532426519734684,6,35.898026385628945,Words_Review
Numbers,0.7364647720216416,3,10.067681285773407,Numbers
Letters,0.7508449953764076,4,58.70972219081786,Letters
Letters,0.3160445759589598,2,51.48815601438224,Letters_Review
Lines,0.49797808849392167,4,29.90026464772514,Lines_Review
Numbers,0.9116295445313489,4,21.411768174684955,Numbers
Shapes,0.7102384278861612,4,47.3722203298347,Shapes
Numbers,0.3393342256240692,1,59.510444679381074,Numbers_Review
Words,0.6609014015950483,3,37.22411664001315,Words
Numbers,0.8283110470225132,0,21.26906340033829,Words
Numbers,0.7214195085745005,0,41.120682078299836,Numbers
Shapes,0.5142999866101362,2,17.348135479410484,Shapes_Review
Words,0.6585403230223744,3,29.408285306349775,Words
Numbers,0.7371168620641184,0,27.259610424710527,Numbers
Numbers,0.529391295891576,5,33.49941340789683,Numbers_Review
Lines,0.7691998213700815,1,17.365152213948516,Lines
Words,0.6381724633949012,0,32.38367127052092,Words
MathBasics,0.5826366869464159,5,36.482986197280994,MathBasics
Words,0.9453684134940938,5,13.811960898678224,Words
MathBasics,0.9314889951701204,5,32.98324352013306,MathBasics
Shapes,0.4226093960874891,6,12.194997132150256,Shapes_Review
MathBasics,0.8874938748998069,7,20.45927327039639,MathBasics
Letters,0.7585573057359588,0,59.05962645820579,Letters
Words,0.6585182093126605,6,22.09885651585227,Words
MathBasics,0.37404745350710655,3,57.571490518091615,MathBasics_Review
Letters,0.9671777376184387,0,20.95587397349692,Numbers
Words,0.5971572022526221,2,18.804773566529732,Words
MathBasics,0.7231934199397273,1,10.709502469788358,MathBasics
Numbers,0.8389646790761005,2,27.752052822597914,Numbers
Lines,0.9528922109957041,4,57.64483979989137,Lines
Shapes,0.8149709408514183,4,52.7110953170434,Shapes
MathBasics,0.7884651992529627,6,21.601991445055297,MathBasics
Letters,0.753288325751701,2,58.008389236437274,Letters
Shapes,0.8247062994654533,5,40.15321530852583,Shapes
Words,0.30614615897391867,4,28.849277096314005,Words_Review
Numbers,0.45550021013045394,2,12.302836709497818,Numbers_Review
Shapes,0.518735592968493,1,35.734180856071944,Shapes_Review
Letters,0.4725983331465525,2,11.458488182263224,Letters_Review
Letters,0.9083571023527914,4,15.925131179907577,Letters
Lines,0.4045887767562933,6,55.976551232802485,Lines_Review
Letters,0.6363791289220726,0,48.0503961747696,Letters
Lines,0.7321016790484753,3,47.71324866735114,Lines
Letters,0.3392379913228112,6,38.85612930191604,Letters_Review
MathBasics,0.7229869024122757,4,22.550069163115012,MathBasics
Numbers,0.6902120527910691,1,42.83155368539381,Numbers
Shapes,0.9135207543543218,1,55.91195433377185,Letters
Numbers,0.3187130458954824,2,21.042639148150446,Numbers_Review
Lines,0.455512198392248,0,18.761088605291366,Lines_Review
Shapes,0.7620939504510577,0,57.52295852876479,Shapes
Words,0.7890287299223069,7,39.00444173347273,Words
Letters,0.5219101330337512,2,24.12480329864261,Letters_Review
Numbers,0.592469956040264,6,57.322825657520276,Numbers
Words,0.5852246358909732,3,51.15804153544296,Words
Numbers,0.6383270994593495,3,20.223044302735588,Numbers
Lines,0.5010723783482909,7,52.75151008099676,Lines_Review
Numbers,0.7325088787703784,2,13.450379630640814,Numbers
Letters,0.6447058978140474,2,14.752652276634638,Letters
Letters,0.8683616309791509,4,46.337461208409835,Letters
Words,0.8243635147792827,1,51.23939281388934,MathBasics
Shapes,0.8956004967915987,6,12.270164073434628,Shapes
Numbers,0.5891551660976317,4,29.591198164175,Numbers
Words,0.8205717903507854,0,39.521554491134665,MathBasics
Numbers,0.6553069231382,4,46.15641369412771,Numbers
MathBasics,0.3068616125485368,3,21.520833105867496,MathBasics_Review
Letters,0.3352926416393701,3,58.34227498996427,Letters_Review
MathBasics,0.7975728208636648,3,47.094816347935755,MathBasics
Words,0.8161668786956955,1,25.146545282021464,MathBasics
MathBasics,0.8562581894143111,7,50.8389733252818,MathBasics
MathBasics,0.3852424035388222,7,55.097009837457506,MathBasics_Review
MathBasics,0.5759107946582415,7,47.712412984104034,MathBasics
Words,0.6688802823546061,7,43.050712712366014,Words
Letters,0.5818394065667534,1,45.46604142363048,Letters
Letters,0.4829333598228511,5,39.188639025705584,Letters_Review
Letters,0.7273351522449192,5,23.26630687777335,Letters
Numbers,0.9454618662719483,6,45.721208203562114,Numbers
Words,0.6808623542615089,0,35.692723210338386,Words
Lines,0.41702067592077635,0,56.646243128483604,Lines_Review
Shapes,0.7741023796985529,7,14.911749609454024,Shapes
MathBasics,0.9262762743456716,6,16.256262857087346,MathBasics
Words,0.8859498145753948,0,11.542895215403622,MathBasics
Lines,0.4327636100104145,4,20.669667398784476,Lines_Review
Numbers,0.9653973185046154,2,15.9437195588536,Numbers
Lines,0.7943985978984652,6,31.76621107276181,Lines
Lines,0.5121491338219646,1,18.151766846579548,Lines_Review
Numbers,0.5613614261964117,2,49.10856315456231,Numbers
Letters,0.3077642287487701,1,40.79559578383606,Letters_Review
Shapes,0.5976097031407783,3,37.9490317049887,Shapes
Words,0.8556471365705978,0,36.71452759468379,MathBasics
Letters,0.592125241631724,4,45.9226973661275,Letters
MathBasics,0.38057480396251236,7,50.00017408818407,MathBasics_Review
Letters,0.9476776393477357,7,16.58575142895468,Letters
Shapes,0.849977189503206,6,25.489392960454964,Shapes
Shapes,0.8925615432497809,2,35.07577307398669,Shapes
MathBasics,0.7249143877327593,2,52.53401303024231,MathBasics
Letters,0.7270355001707867,3,43.700995952939635,Letters
Numbers,0.4271018196137539,3,24.381636452183912,Numbers_Review
Letters,0.4301708227396889,3,41.064622452480506,Letters_Review
Lines,0.5927673424648892,3,30.226369278693486,Lines
MathBasics,0.46804945716974644,0,24.2879162296353,MathBasics_Review
Lines,0.766101840590893,4,13.60555464647176,Lines
MathBasics,0.5542663119687132,3,59.102476850798126,MathBasics
Numbers,0.7566058210937007,6,15.809547826272299,Numbers
Letters,0.8339827918308902,4,15.068644877657958,Letters
Words,0.5211726560286953,6,31.6009463797253,Words_Review
Lines,0.3078068486295769,5,35.93504971902975,Lines_Review
Lines,0.37012252643749155,1,15.66517523637321,Lines_Review
MathBasics,0.6777368883919849,1,45.227721401372264,MathBasics
Lines,0.4390195902856918,0,29.88061892764353,Lines_Review
Letters,0.7117282150657951,1,34.1519848779445,Letters
Shapes,0.49547393213013,1,44.48894246240606,Shapes_Review
Shapes,0.710473296380375,6,18.605530141138885,Shapes
MathBasics,0.34646719129501086,0,14.603349304123771,MathBasics_Review
Numbers,0.6114551039344158,2,42.42524100593441,Numbers
MathBasics,0.736309698002601,5,58.25076847272359,MathBasics
Letters,0.7596978758757322,0,43.60280193761267,Letters
MathBasics,0.5127770280652808,3,22.476218341912432,MathBasics_Review
Shapes,0.8889450308559501,0,15.853302071208432,Letters
Lines,0.4052834565664495,6,20.65425043424041,Lines_Review
Letters,0.9004358008842457,2,48.615050758267145,Letters
Numbers,0.776774924203882,0,12.524447220620395,Numbers
Lines,0.31046852635008976,3,56.813356970660955,Lines_Review
Lines,0.6061728873771655,0,21.024184673665204,Lines
Lines,0.8710650925318102,1,46.97041149156559,Shapes
MathBasics,0.9643647290184816,0,34.90201965284345,ReadSimple
Letters,0.5948362989901776,2,54.50285127326263,Letters
Words,0.92189309141702,3,53.06598129075454,Words
Numbers,0.5953942569244945,0,31.919249001538066,Numbers
Letters,0.700828712849594,0,37.34379829380223,Letters
Lines,0.46457501438699644,3,20.201233286928932,Lines_Review
Lines,0.8564913052073093,6,46.93615753632832,Lines
Lines,0.44579640843535184,4,13.857258426979094,Lines_Review
Shapes,0.3425178811051351,4,31.238576521252643,Shapes_Review
MathBasics,0.7125775728078567,2,39.74016073388948,MathBasics
MathBasics,0.9470136829202151,1,54.24821540902939,ReadSimple
Letters,0.6355806746649976,6,37.21269830568488,Letters
MathBasics,0.5702647466913823,5,47.14407468339695,MathBasics
Letters,0.6545853364334784,2,48.53712654527758,Letters
Lines,0.9261212937550829,5,49.98593819824306,Lines
Lines,0.8883314762305115,0,54.76730445765846,Shapes
Lines,0.32380538206862786,2,32.717271153382754,Lines_Review
Words,0.8941315857239129,2,45.27304151417432,Words
Shapes,0.639613603509448,1,42.466116228844086,Shapes
Words,0.8331114039087617,1,51.23716186735038,MathBasics
MathBasics,0.833866445585081,1,11.095666438750447,ReadSimple
Numbers,0.7013582082226071,6,12.80880386737195,Numbers
MathBasics,0.3192516665938141,3,15.26966090539026,MathBasics_Review
Letters,0.578576316295675,1,30.4388630614566,Letters
MathBasics,0.40845473852812364,7,35.82121941093055,MathBasics_Review
Lines,0.4262397593328452,4,47.338831976685896,Lines_Review
Letters,0.8536054662019901,3,32.31006104887719,Letters
Numbers,0.4966474634812459,3,56.22805276884024,Numbers_Review
Letters,0.6502038486026116,6,22.744112445744115,Letters
Words,0.5405766279407764,3,53.631790127341766,Words_Review
Words,0.5093011655429069,7,50.46621991426312,Words_Review
Words,0.5221849285804278,1,28.676008844984377,Words_Review
Shapes,0.9399621525228978,0,25.93044813818036,Letters
Words,0.567056905424563,2,51.44356381264793,Words
MathBasics,0.6546875892877235,4,43.84703914984187,MathBasics
Lines,0.5344513656493999,7,47.41779268328699,Lines_Review
Lines,0.3090107027826592,0,18.01827030598716,Lines_Review
Words,0.579543654038699,7,44.69747952550784,Words
Words,0.412393453297211,7,53.148619949348124,Words_Review
Words,0.7980327133596977,1,24.83933410099253,Words
MathBasics,0.356816949507269,0,30.710046278591516,MathBasics_Review
Shapes,0.8995304879862447,1,27.71356636086078,Letters
Numbers,0.695857789152903,1,35.96122853901026,Numbers
Numbers,0.5114816964182225,6,12.88660796125586,Numbers_Review
MathBasics,0.48196854322596105,5,20.977696161490098,MathBasics_Review
Numbers,0.6889002986184085,2,37.8439221586048,Numbers
Lines,0.5916821467324981,2,43.9489246519021,Lines
Shapes,0.4167518572397057,1,26.37760825900662,Shapes_Review
Words,0.8919583370631812,1,11.107073773631473,MathBasics
Words,0.7737065444278252,4,15.86019528401167,Words
Words,0.5985849843705633,7,44.603682351218445,Words
Words,0.5664643737678576,0,43.94488625389202,Words
Shapes,0.6453074434919698,4,48.824465132550905,Shapes
MathBasics,0.8390755172295126,0,43.66232196772658,ReadSimple
Letters,0.6812612405584859,4,21.095023039218646,Letters
Shapes,0.47222522079544627,0,46.565825985164814,Shapes_Review
Lines,0.6642464875563534,0,33.25276241503222,Lines
MathBasics,0.8734617940957605,2,16.369320800016965,MathBasics
MathBasics,0.8382595777621316,5,35.528089770466906,MathBasics
Letters,0.8813823333018025,4,34.21722131457543,Letters
Letters,0.35147581457065546,5,42.388711647517106,Letters_Review
Shapes,0.9132063394114354,7,20.397817964469496,Shapes
MathBasics,0.6258968611418855,6,37.08804821337816,MathBasics
Numbers,0.876590960959077,3,42.41590037260478,Numbers
Words,0.6063254286000048,4,50.190727259672336,Words
Numbers,0.9780840006540061,2,12.141877755955662,Numbers
Letters,0.44967570161523207,5,46.46173714568215,Letters_Review
Letters,0.7805112991579655,3,33.21192598696125,Letters
Numbers,0.33081710969340833,6,45.438282761457714,Numbers_Review
Letters,0.5578740452827052,1,43.084214419992826,Letters
Lines,0.553803986337879,6,50.22473212159112,Lines
Words,0.370501434899308,7,13.323166288813606,Words_Review
Lines,0.6969252396573274,4,36.05365952541939,Lines
MathBasics,0.8460414089313293,1,47.925094045819534,ReadSimple
Letters,0.7563870818981883,7,45.66179340416684,Letters
Letters,0.4155190841145,0,27.348132986727922,Letters_Review
MathBasics,0.809984902947408,0,22.911550983308,ReadSimple
Letters,0.5945509156943132,1,54.456396197000494,Letters
Words,0.6683195643873967,5,17.823835800180028,Words
Shapes,0.5821804264720531,2,23.54713491581827,Shapes
Letters,0.4260534897761078,4,20.745631851819795,Letters_Review
MathBasics,0.8906749550799293,1,35.35298233693591,ReadSimple
Lines,0.6975743013127609,1,29.139938221819392,Lines
Shapes,0.6065278730427274,5,49.81207252706842,Shapes
MathBasics,0.7708040672735195,6,41.83808585221636,MathBasics
Letters,0.7327345114426945,0,36.43622095492179,Letters
Numbers,0.6149180054095078,5,20.935780649896365,Numbers
Numbers,0.8601618291434034,1,43.09844723969343,Words
Numbers,0.6138355907602526,6,19.386120284612602,Numbers
Numbers,0.8260905441290527,3,28.417360689717565,Numbers
Numbers,0.4477170027880473,4,22.978822463752458,Numbers_Review
MathBasics,0.5823638611871474,7,22.169834160926523,MathBasics
Words,0.7284271173663879,5,43.3423695652829,Words
MathBasics,0.5917097536518054,5,54.40590944670179,MathBasics
Words,0.5967653271361233,4,51.2707832061974,Words
Shapes,0.8086432207325542,0,38.835119942887815,Letters
MathBasics,0.3645441970387354,3,55.154686393826914,MathBasics_Review
Words,0.8087650601932155,7,43.71294210032495,Words
Letters,0.9783872422334663,2,38.558114931118055,Letters
Words,0.516311023894361,2,11.121294458102756,Words_Review
Letters,0.8774417237411587,5,38.30903456125354,Letters
Numbers,0.7449525637350494,2,10.787145649783849,Numbers
MathBasics,0.9232902451168394,0,48.115131225047996,ReadSimple
Letters,0.30363538938096785,2,41.230702405726575,Letters_Review
Words,0.5735877695613862,2,39.04751899440897,Words
Words,0.734059123058442,2,32.114690272556764,Words
Shapes,0.3941361354639881,0,21.44377312417495,Shapes_Review
Letters,0.8905193358001398,2,56.45697600077314,Letters
Numbers,0.6588206770307525,2,33.46426136628952,Numbers
Words,0.9671601773501963,3,53.05226497516559,Words
Shapes,0.7862681096729159,0,35.2001881798163,Shapes
Letters,0.8663256932709715,2,43.876580694184234,Letters
Shapes,0.37484303325675833,2,18.36785161183905,Shapes_Review
Words,0.3369857089951716,2,44.85679029459046,Words_Review
Lines,0.34746444513794766,5,17.810328434331097,Lines_Review
Numbers,0.5814026764181411,7,45.25695727852817,Numbers
MathBasics,0.6942137868261128,0,51.868353988507536,MathBasics
MathBasics,0.3412113372461386,1,48.955129319789336,MathBasics_Review
Letters,0.7757549073430428,3,32.743622140143415,Letters
Numbers,0.9534256999116006,2,41.95160794574604,Numbers
Shapes,0.5732832959256964,4,39.224989776539516,Shapes
Lines,0.4883685165416656,3,13.927891546186357,Lines_Review
Letters,0.7031313227455149,7,39.70413902848562,Letters
Numbers,0.32158576045363224,7,21.53973269632659,Numbers_Review
Lines,0.7126559297672945,3,22.31430094052658,Lines
MathBasics,0.748150878889918,6,35.07878499589742,MathBasics
Letters,0.9025435360129814,7,28.772055483395633,Letters
Lines,0.9781217719344497,3,20.811350456388986,Lines
Lines,0.7233887628470874,6,40.949578234929405,Lines
Words,0.3424279666468285,3,27.37535412125905,Words_Review
Words,0.9632333307657679,0,43.46543045809396,MathBasics
Shapes,0.937816357375048,2,37.59385682105928,Shapes
Shapes,0.3483037245499214,3,18.405906419964793,Shapes_Review
Letters,0.6189929035123535,5,57.11917270011384,Letters
Numbers,0.5981505663703931,3,58.653839895614915,Numbers
MathBasics,0.4128948400771453,7,31.987024325395428,MathBasics_Review
Letters,0.5218526642679797,7,20.98533951957002,Letters_Review
Numbers,0.8621004749416923,3,27.765987423694384,Numbers
Words,0.5056857398341901,3,20.52534698326715,Words_Review
MathBasics,0.9108018834881999,1,27.132257326126076,ReadSimple
MathBasics,0.6294858366544074,6,45.33377668388499,MathBasics
MathBasics,0.846587325528763,4,33.9248058127981,MathBasics
Shapes,0.6437459570651074,5,25.584491425752073,Shapes
Numbers,0.4860754841453247,5,53.770281256091714,Numbers_Review
Lines,0.6125171589052636,6,29.78539817868963,Lines
Shapes,0.4917049491752158,1,32.9215712065719,Shapes_Review
Words,0.5360024105795885,1,43.360616859709054,Words_Review
Lines,0.8862980220875682,6,12.248072079577558,Lines
Words,0.9728267690562382,0,57.02096036503735,MathBasics
Shapes,0.43271323170868226,1,33.54336781115884,Shapes_Review
Lines,0.6349469681122424,3,44.35195752912403,Lines
Numbers,0.5457545697656867,2,49.98589568093598,Numbers_Review
Numbers,0.5829788499956126,7,16.300101393199714,Numbers
Words,0.9051209340019708,0,18.774581369067867,MathBasics
Letters,0.8006430708910064,3,34.48122310251224,Letters
MathBasics,0.45628217354238054,6,56.61613791144388,MathBasics_Review
Words,0.7499337365478485,5,16.58267943966292,Words
Numbers,0.41240555457381367,2,20.93549001617916,Numbers_Review
Words,0.5764586129895108,7,24.285378383044517,Words
Words,0.692097524848208,6,38.56302349685487,Words
Lines,0.8342373103998064,7,49.8866131674107,Lines
Letters,0.9079099394319332,3,37.8392455464094,Letters
Words,0.8412299432575816,5,59.42608239977233,Words
Lines,0.4717993008224749,4,53.70358866525926,Lines_Review
MathBasics,0.8111397969755851,4,53.53345170627588,MathBasics
Shapes,0.3363898347808694,3,47.51328819694211,Shapes_Review
MathBasics,0.48045167588934323,0,27.560969367439043,MathBasics_Review
Lines,0.4998853886914903,7,56.03698251713177,Lines_Review
Words,0.9423726978763447,7,20.377046810285172,Words
Shapes,0.8343525989184937,4,33.40345271171451,Shapes
Lines,0.8253110745339947,4,17.72461020024629,Lines
Shapes,0.8170885319440806,6,39.8455345273328,Shapes
Words,0.823225247975792,4,45.40609174503127,Words
Shapes,0.4160816870524865,4,48.14466677771821,Shapes_Review
Lines,0.6471949150725007,3,43.50162689037834,Lines
Numbers,0.6467007264943112,6,16.17004076027982,Numbers
Numbers,0.4893600956707356,0,31.908930662417227,Numbers_Review
MathBasics,0.9775508397017576,3,11.24858310585248,MathBasics
Shapes,0.4465405160299347,7,12.480718666941872,Shapes_Review
Lines,0.8258991124919297,0,40.415975000388585,Shapes
Letters,0.41797731424141493,0,40.53853653425193,Letters_Review
Shapes,0.5666236322951094,2,38.423244925397,Shapes
Lines,0.443331385561188,1,43.86965649444364,Lines_Review
Words,0.8678448429094134,7,29.366125898765702,Words
Shapes,0.5162737093346247,4,51.34292804863765,Shapes_Review
MathBasics,0.3595330915388908,0,21.721280000575735,MathBasics_Review
Letters,0.4989111693238513,4,58.07461622870561,Letters_Review
Letters,0.7332243965606209,2,40.57318056128304,Letters
Letters,0.43077072930286664,3,52.405461750781505,Letters_Review
Words,0.901701480033283,3,27.52066250050987,Words
Lines,0.49149890863182955,1,32.78095782186258,Lines_Review
Shapes,0.7869139818046582,0,27.34429881821928,Shapes
Numbers,0.9732740153390687,1,23.906457774330622,Words
MathBasics,0.35367879400365776,2,52.476710774395066,MathBasics_Review
Shapes,0.533502957480798,7,37.05014494638313,Shapes_Review
Numbers,0.4262984889635262,7,32.64068571054584,Numbers_Review
MathBasics,0.34202975326867135,0,21.999468193497876,MathBasics_Review
Numbers,0.4856059964174117,6,58.40381907253668,Numbers_Review
Lines,0.9209982226865903,2,22.332930790270325,Lines
MathBasics,0.3408655590571557,0,47.55885684770214,MathBasics_Review
Shapes,0.4204909006876099,7,50.87039236530547,Shapes_Review
Shapes,0.9402423789934198,0,10.343898110982465,Letters
Numbers,0.8881745714783373,3,30.559874444127292,Numbers
Shapes,0.8821700993293455,1,54.77814240659194,Letters
Numbers,0.5134370920302185,6,15.352858927709303,Numbers_Review
MathBasics,0.42961468649062584,5,57.011040278564245,MathBasics_Review
Words,0.5923711814502788,0,51.124732464511354,Words
Words,0.799749576228528,0,15.846176776269573,Words
Words,0.6351173174823207,1,16.854472903937825,Words
MathBasics,0.7299219425901453,7,15.829153727784835,MathBasics
Words,0.5414895204725925,2,27.197884327884278,Words_Review
Numbers,0.6953636317957739,4,51.049050864957046,Numbers
MathBasics,0.6557372540740722,7,54.919323329201745,MathBasics
Shapes,0.681194270120713,3,10.540554181759816,Shapes
Letters,0.8446668762742882,4,14.936860344133294,Letters
Words,0.6155075547534834,7,14.608397923621617,Words
MathBasics,0.44599320347508165,0,54.78489815996862,MathBasics_Review
Shapes,0.8024293404504621,3,40.8472013692251,Shapes
Letters,0.661958475646989,3,53.655442138211384,Letters
Words,0.6862225221749347,6,38.0627839037462,Words
Words,0.8567433560491544,1,49.67853272694008,MathBasics
Shapes,0.5932390314582593,6,17.215460036080152,Shapes
Numbers,0.31853000812655424,0,32.896449721701394,Numbers_Review
Words,0.7174998083011581,0,16.89426346780052,Words
Shapes,0.5442619479482294,4,47.25897476848072,Shapes_Review
MathBasics,0.6245982707232329,4,49.69646929299824,MathBasics
MathBasics,0.847885877454388,0,37.865528765715425,ReadSimple
Words,0.35758807247520863,0,27.916732833583687,Words_Review
Words,0.8718179230739769,5,19.133619211983408,Words
Words,0.6920012575392727,4,29.23055379893841,Words
Lines,0.4875150350200712,7,56.6277439209656,Lines_Review
MathBasics,0.7618554228167951,1,44.19332259176716,MathBasics
Lines,0.7091438715324413,6,33.77980959110042,Lines
Numbers,0.46984507046363344,2,42.82048017503285,Numbers_Review
Shapes,0.5258346526495247,0,45.73766382219729,Shapes_Review
Words,0.4523081311882552,3,15.817924258224794,Words_Review
Letters,0.8260290291768897,6,43.08888662358193,Letters
Lines,0.7408004102198259,3,37.533168972042574,Lines
Shapes,0.8668779271231171,7,25.982602764603126,Shapes
Words,0.5539514026902395,2,58.11307233045783,Words
Letters,0.5413304247708567,4,36.58305118822415,Letters_Review
MathBasics,0.48910767024512236,6,29.762965771557887,MathBasics_Review
Numbers,0.678303044934814,7,51.36510748686229,Numbers
MathBasics,0.40627292249384783,1,18.410182788325912,MathBasics_Review
Words,0.7828780411093499,2,21.5690318188424,Words
Letters,0.478393217411043,6,21.02230021227095,Letters_Review
Numbers,0.9231659702818049,1,25.829337995432557,Words
Letters,0.36213439130507824,5,36.564700917546595,Letters_Review
Words,0.831055427278216,6,46.574823202156956,Words
Letters,0.9076443187860894,6,51.6464857787114,Letters
MathBasics,0.9413588796136738,4,31.56508531705073,MathBasics
Numbers,0.8223271612989997,5,22.558463377420065,Numbers
Shapes,0.4696620941842644,1,35.70477212756299,Shapes_Review
Words,0.9130764435952059,5,26.260559813810566,Words
Letters,0.6803956894946026,1,10.318952170329535,Letters
Lines,0.773752675776989,6,29.75776487361525,Lines
Lines,0.4434026348229359,7,43.5546578542988,Lines_Review
MathBasics,0.599589999048369,0,30.0106137924836,MathBasics
Letters,0.6089941450463678,1,11.288479938217558,Letters
Numbers,0.42996982014524987,5,44.402277853706444,Numbers_Review
Lines,0.5070549222692865,0,19.05916395250414,Lines_Review
Letters,0.9032411357121148,4,25.360820851063544,Letters
MathBasics,0.8278775247108445,1,18.546820121042416,ReadSimple
Lines,0.8421035293535586,1,14.206383112969142,Shapes
Shapes,0.5315704881263299,6,10.829624031629894,Shapes_Review
MathBasics,0.40854493297387373,7,18.15095569074431,MathBasics_Review
Letters,0.4597961087235902,4,51.74736028472019,Letters_Review
Words,0.5071296019264495,0,21.573760688264905,Words_Review
Shapes,0.9299953826102056,1,56.345817316555404,Letters
Letters,0.3267864469111172,0,10.484344137048387,Letters_Review
Letters,0.31948365075280505,1,57.33780175868516,Letters_Review
Lines,0.8354129315415055,6,22.39366793642118,Lines
Shapes,0.7000795102685442,4,38.31075078763082,Shapes
MathBasics,0.6700550905025174,2,36.76839705908256,MathBasics
MathBasics,0.4322243982135482,3,31.30606189761154,MathBasics_Review
MathBasics,0.4110689207005589,6,21.215927942676313,MathBasics_Review
Numbers,0.8557676123050009,4,14.495812242985114,Numbers
Numbers,0.6060398748098331,4,41.32285098384636,Numbers
Words,0.35679694198241274,7,26.599914711888257,Words_Review
Words,0.8920310394087736,4,32.105351733986,Words
Letters,0.6293860062085774,6,36.497029346511646,Letters
Letters,0.44705035916683966,4,50.27161646499932,Letters_Review
Letters,0.919345816259473,4,17.462473487073694,Letters
MathBasics,0.5356599566752523,1,30.42277907042413,MathBasics_Review
Shapes,0.33854269387276803,3,39.2419315844441,Shapes_Review
Letters,0.7740713106538266,4,22.32599528189915,Letters
MathBasics,0.47668313379940364,5,26.86554770756138,MathBasics_Review
Numbers,0.3830358308285158,2,30.565198603311565,Numbers_Review
MathBasics,0.8950802702994718,6,51.30323422741428,MathBasics
Lines,0.6709958428186051,1,29.84960811037371,Lines
Numbers,0.7463423843816417,2,28.023725257077693,Numbers
Shapes,0.3237586875560721,3,14.061481740333633,Shapes_Review
Shapes,0.6022792120741085,6,59.42104969817405,Shapes
Letters,0.41496200933900707,6,42.97114810409988,Letters_Review
Lines,0.6448160483609813,6,24.471976080974397,Lines
Words,0.8222436960129824,2,30.559523793474554,Words
Shapes,0.7207650123878834,7,38.2115908342268,Shapes
MathBasics,0.31600209620158715,6,44.45438268741148,MathBasics_Review
Lines,0.38783862276531506,4,48.97583507120317,Lines_Review
Shapes,0.656048372063776,3,12.006942954268325,Shapes
Lines,0.6347179743240376,7,24.70337310883889,Lines
Numbers,0.8310251623425415,6,22.65131704601266,Numbers
Numbers,0.36993296266708414,1,24.391564942580292,Numbers_Review
Shapes,0.7582104508236032,4,16.754007311288035,Shapes
Letters,0.760008949674011,0,57.196414173822895,Letters
Lines,0.7641220724856506,3,10.067313547828185,Lines
Numbers,0.4876274321787718,0,10.919307107579865,Numbers_Review
Shapes,0.7708009281850016,7,26.19097874512157,Shapes
Lines,0.7435200401300597,6,12.997165043065415,Lines
Words,0.7120779377442973,3,45.069164277984505,Words
Letters,0.7992228561483194,1,19.172620057511466,Letters
Lines,0.9316244938949845,7,16.319321120283355,Lines
Shapes,0.30930404203726314,7,50.337878189456305,Shapes_Review
Numbers,0.6282451616923154,1,31.319917840081125,Numbers
Numbers,0.7924930786994105,5,24.796601471830805,Numbers
Lines,0.9564058520686718,4,50.298945043379184,Lines
Words,0.6922792168916216,4,11.23420786122923,Words
Words,0.34718797841484467,5,51.99101761017442,Words_Review
MathBasics,0.8441403164248338,1,30.329526867973613,ReadSimple
MathBasics,0.7860088067813844,3,46.341941552411875,MathBasics
Words,0.9121795956174077,0,25.39431910081247,MathBasics
Words,0.7621505640286976,1,39.059771186047826,Words
Words,0.4849291003907751,2,56.21435353973306,Words_Review
Words,0.7309238878405597,5,32.11832665512094,Words
MathBasics,0.7955690770264403,7,55.13527552226781,MathBasics
MathBasics,0.3866112419445591,5,16.72881335520539,MathBasics_Review
Numbers,0.9284929067301189,5,55.9198771040779,Numbers
Shapes,0.5164181881422936,2,30.101360844412035,Shapes_Review
Letters,0.5031723523168911,2,10.00153594226912,Letters_Review
Letters,0.5424853996706198,2,17.41087310496623,Letters_Review
MathBasics,0.6674035965978198,7,54.72021943242536,MathBasics
Numbers,0.6847065664170366,0,37.655598552918576,Numbers
Lines,0.5611489941059482,1,40.356764044178846,Lines
Numbers,0.4534948522106066,7,14.748263761418825,Numbers_Review
Numbers,0.39385053117363517,7,18.844847541199197,Numbers_Review
MathBasics,0.6019904186965006,4,14.382491809732663,MathBasics
Letters,0.9060963803250031,2,50.623691052208585,Letters
Shapes,0.6239936644427917,0,30.13518604972801,Shapes
Words,0.884498349904197,7,25.76197173247254,Words
Letters,0.5479760598393488,3,16.416293109438225,Letters_Review
Letters,0.38130215847139837,3,45.03057481972258,Letters_Review
Lines,0.8467850553508431,2,34.99794959823942,Lines
MathBasics,0.36290029779849536,2,19.33199698988413,MathBasics_Review
Numbers,0.8218992048016796,3,32.15168531688097,Numbers
Words,0.8416257934121216,2,19.81228583530828,Words
Numbers,0.6747146482405539,1,15.402227968820355,Numbers
Shapes,0.5026914423568795,4,37.068721045371916,Shapes_Review
Numbers,0.7432925885824732,7,15.274171373051784,Numbers
Numbers,0.6224317214649507,6,21.687039601837213,Numbers
Shapes,0.501052226704701,2,12.078947992329688,Shapes_Review
Letters,0.4848148309344878,5,22.615596353484356,Letters_Review
MathBasics,0.7440057675337326,3,54.89676467218685,MathBasics
Letters,0.39226805609874993,6,28.241123510389933,Letters_Review
Letters,0.9172600945607086,3,19.496806822878046,Letters
Shapes,0.8239041103303131,3,27.93107909767957,Shapes
Words,0.6602054969536899,4,25.7886575624748,Words
Lines,0.9631223836633456,4,45.10537270568963,Lines
Lines,0.9572523112554159,3,29.796861309797492,Lines
Lines,0.7597514175537592,1,30.61398639158328,Lines
MathBasics,0.6743208084299994,4,16.02236699982827,MathBasics
Numbers,0.6942171929712506,0,28.891960686359333,Numbers
MathBasics,0.6173751037622063,0,35.29658271597792,MathBasics
MathBasics,0.34155117398134993,3,59.88746945051003,MathBasics_Review
MathBasics,0.5412154185765445,4,53.63275360880277,MathBasics_Review
MathBasics,0.9006260489698321,2,10.009326408533155,MathBasics
Letters,0.7485893855927225,7,32.87215279349441,Letters
Shapes,0.3417834772889355,6,30.748021803984024,Shapes_Review
MathBasics,0.3920416957818331,0,17.571615718498165,MathBasics_Review
Shapes,0.4784799978824599,7,39.08683237105933,Shapes_Review
MathBasics,0.8903551208220228,0,16.34120112752094,ReadSimple
Words,0.7594224905268054,3,46.71828382461092,Words
Letters,0.7747749328600197,3,37.61830689086172,Letters
MathBasics,0.5472788440652256,4,38.849080620884095,MathBasics_Review
Words,0.4728976373825079,3,37.01394465937105,Words_Review
Letters,0.7613064821420489,7,55.40092727108312,Letters
Shapes,0.41701850206778596,4,17.173472850901003,Shapes_Review
Letters,0.5942846093524368,3,40.720000371566194,Letters
MathBasics,0.8134908598627331,6,35.12454384134661,MathBasics
MathBasics,0.354526994632237,2,49.57048752534878,MathBasics_Review
Numbers,0.8634839761604367,1,25.34861411045091,Words
Words,0.38455517217299184,1,59.387476954959425,Words_Review
Shapes,0.4204643957913854,5,40.16670981060174,Shapes_Review
MathBasics,0.6192726924350309,1,39.0322612954817,MathBasics
Words,0.3071356759751622,1,34.06389756096185,Words_Review
Words,0.8344291878220611,5,11.103307434114543,Words
Lines,0.8942349697542924,3,50.71933896343807,Lines
Lines,0.6854871014496844,4,31.992781985691746,Lines
Numbers,0.31639493151789344,3,12.728270414134947,Numbers_Review
Letters,0.42871287922288637,1,29.160768297362583,Letters_Review
Words,0.9157664097916527,3,12.418135552439043,Words
Shapes,0.59998237551683,2,39.40002317148142,Shapes
Lines,0.6424119474280825,7,37.73435123941836,Lines
Numbers,0.9360571496888397,1,49.22027366063986,Words
Lines,0.30990566523086965,2,57.89729299630688,Lines_Review
MathBasics,0.4119473312158947,7,21.024381970737462,MathBasics_Review
Lines,0.6886932016484018,4,50.980477653289995,Lines
Words,0.7109643374060444,1,24.16820344455591,Words
Letters,0.4542053852173591,6,28.690405443350123,Letters_Review
Words,0.3083919113210543,2,19.22295255299417,Words_Review
Numbers,0.466029893926984,2,12.557510281019882,Numbers_Review
MathBasics,0.6479610640379965,2,54.17823641850952,MathBasics
Shapes,0.39882215084594275,3,10.366707541809014,Shapes_Review
Letters,0.3483858616369786,6,36.022470208264295,Letters_Review
Letters,0.8970627887342306,3,22.905196458023422,Letters
Words,0.3331124969119522,6,48.89056222292254,Words_Review
Shapes,0.4259882582268072,7,36.24499933629191,Shapes_Review
Numbers,0.33099790740509477,2,39.46073071739278,Numbers_Review
Lines,0.3524875205539982,3,59.20157571395651,Lines_Review
Numbers,0.38383296992328386,7,44.02790808895507,Numbers_Review
Numbers,0.5435350072398182,2,44.53631575566315,Numbers_Review
Words,0.9453068535919609,1,56.402587511442405,MathBasics
Letters,0.6772176262320009,1,43.61949063993522,Letters
Lines,0.3376828041407262,7,30.53944049998059,Lines_Review
Lines,0.5825012404026209,3,38.98095486140683,Lines
Numbers,0.42041593367015706,1,12.071404440969388,Numbers_Review
Shapes,0.7075646130286726,7,58.157951353253324,Shapes
MathBasics,0.6334777930461489,4,14.848283548271237,MathBasics
MathBasics,0.7199197982423717,1,43.87729025918879,MathBasics
Words,0.6230611135494022,6,49.081627902662355,Words
Words,0.49080855300178283,0,42.3728970372773,Words_Review
Letters,0.9749099417101403,4,44.36477812912588,Letters
MathBasics,0.8648234770936181,3,34.49352383588723,MathBasics
Lines,0.578577551118913,6,40.61378828469363,Lines
MathBasics,0.4324459784273136,3,46.54351728880802,MathBasics_Review
Numbers,0.7974622413015711,0,51.63058866630656,Numbers
Letters,0.3462218438771945,5,12.980866267232951,Letters_Review
Shapes,0.9052938763439013,6,30.79092840092055,Shapes
MathBasics,0.5738628496278448,6,38.427612780230604,MathBasics
MathBasics,0.3919477733247412,7,48.44600222855842,MathBasics_Review
Words,0.3904466632569835,3,46.50867266553383,Words_Review
MathBasics,0.898129017763998,7,16.378508728568544,MathBasics
Lines,0.4416544652057922,6,25.14149444893711,Lines_Review
Letters,0.7764933544732993,7,27.890562466779652,Letters
Letters,0.537900981242981,6,18.072891703212004,Letters_Review
Lines,0.435193561437434,2,38.514346936569524,Lines_Review
Shapes,0.3470244260485808,6,11.259954741053482,Shapes_Review
Shapes,0.621658702273254,7,38.19464605277012,Shapes
MathBasics,0.5247814815682778,4,38.36954720780367,MathBasics_Review
Words,0.7998171266090799,7,16.52522798187199,Words
Lines,0.39056384545391587,4,55.59797920998166,Lines_Review
Numbers,0.7075235151643442,0,19.137558299371797,Numbers
Shapes,0.3043957632970032,5,55.40075446874871,Shapes_Review
Words,0.7995336444831638,4,25.934480199526178,Words
Shapes,0.9402024815041243,6,38.69252989875133,Shapes
Lines,0.36216695443565394,1,45.72070507352489,Lines_Review
Numbers,0.5770085564647259,4,22.680638542985413,Numbers
Lines,0.4334801255715256,4,34.7260562560204,Lines_Review
MathBasics,0.6924396160237763,0,25.803884192163203,MathBasics
Words,0.8509095411725975,2,40.58232096949962,Words
MathBasics,0.9208681974851021,0,26.3710479366724,ReadSimple
Lines,0.4827823782205347,3,49.53455509500839,Lines_Review
Shapes,0.5083625055587047,4,39.70247327834056,Shapes_Review
Words,0.5900198281244655,7,51.57703931688328,Words
Letters,0.35969600119954875,1,48.63354940640833,Letters_Review
Lines,0.4455163815148532,3,10.730449855444142,Lines_Review
Words,0.8520689643270583,6,29.372564796126934,Words
Lines,0.5099855472377384,1,56.63764695301566,Lines_Review
Letters,0.6790353757336473,4,32.925928109350764,Letters
Numbers,0.849248117587406,6,43.95333022478187,Numbers
Words,0.3128828742945611,4,46.00787304654701,Words_Review
Lines,0.8982316335601537,7,25.987159770384746,Lines
Lines,0.39358821939088573,2,21.032552981087424,Lines_Review
Words,0.31674022901204224,3,35.00291295955434,Words_Review
Numbers,0.5424685016465569,3,47.902021050560826,Numbers_Review
Numbers,0.648306001220395,5,30.53413165051414,Numbers
Words,0.9354898388865505,5,28.697356723953373,Words
Words,0.8207838778416245,0,17.594308616831512,MathBasics
Numbers,0.5676176285522945,0,19.122902032624502,Numbers
Lines,0.7959306643245001,6,41.600960421121826,Lines
MathBasics,0.5495337567648964,2,31.373326408334453,MathBasics_Review
MathBasics,0.513021204074815,4,21.611234545067155,MathBasics_Review
Letters,0.3046339945720871,5,19.931580693093455,Letters_Review
Lines,0.5517578862655121,0,26.186541280521183,Lines
Letters,0.8753644631605575,0,42.885807363797674,Numbers
Numbers,0.5561399794920344,2,49.39850667954658,Numbers
MathBasics,0.3741292586358315,7,14.12029859309741,MathBasics_Review
Numbers,0.6302398684273084,0,25.123315873073484,Numbers
Words,0.8924943681278603,1,48.232547519243674,MathBasics
Lines,0.9200366675065423,1,57.25120322902844,Shapes
Words,0.5231488492004532,6,35.028965871541565,Words_Review
Letters,0.6471878779353823,2,25.302358311438574,Letters
Numbers,0.8456293007764701,5,10.256981379278015,Numbers
Letters,0.9476229916311327,4,44.13263025220995,Letters
MathBasics,0.9416304179439203,2,57.287485111296505,MathBasics
MathBasics,0.883784389095057,0,59.32815570572052,ReadSimple
Words,0.8045448560695103,7,42.34186144631905,Words
Letters,0.8936693399703382,5,25.357282405210576,Letters
Letters,0.95244108440968,7,52.454900997933805,Letters
Numbers,0.43228382255456915,2,51.82210962349349,Numbers_Review
Words,0.732512192790606,6,46.01919992932229,Words
Lines,0.5093544051865698,0,33.04491691032909,Lines_Review
Words,0.9672442862697141,2,45.46944109121931,Words
MathBasics,0.5735121396960363,5,43.55064902664549,MathBasics
Words,0.9270905110748733,6,53.963977807850334,Words
Numbers,0.3765615172398522,1,25.315049844376876,Numbers_Review
Shapes,0.3320937571542177,5,27.489803090379596,Shapes_Review
Shapes,0.729335664797496,7,44.759373310503285,Shapes
MathBasics,0.940599589252245,0,16.614397382551914,ReadSimple
Words,0.39469276813359866,5,55.57573629329254,Words_Review
Words,0.9635295966132742,5,22.781954689768078,Words
MathBasics,0.5339823001376206,1,18.372987225899426,MathBasics_Review
Words,0.3226222203951637,7,35.38789190942844,Words_Review
MathBasics,0.34292833826141716,2,22.498644543441486,MathBasics_Review
Lines,0.6068612975697177,0,39.76831850784363,Lines
Words,0.6182267144850695,4,49.253196052321556,Words
Letters,0.9086384907198863,1,42.437355694750906,Numbers
Lines,0.39340598725869846,7,22.83236035930479,Lines_Review
Shapes,0.9329603709932774,6,26.04272713749218,Shapes
MathBasics,0.5118687829159156,0,31.763113982827694,MathBasics_Review
Numbers,0.3011177548364658,2,12.736635346249294,Numbers_Review
Lines,0.5847126974628252,0,15.270264297808346,Lines
Letters,0.9222010456683185,7,24.06964910860815,Letters
Shapes,0.41411392503929945,5,46.64295936659155,Shapes_Review
Lines,0.7923398483655864,0,21.592064585736324,Lines
Lines,0.38101565695731276,3,22.108732517373525,Lines_Review
Letters,0.5548809485579984,7,45.55004809749056,Letters
Shapes,0.37521044723374936,3,55.892044154677656,Shapes_Review
Lines,0.9,0,15.0,Lines
Lines,0.4,5,45.0,Lines_Review
Shapes,0.9,0,15.0,Shapes
Shapes,0.4,5,45.0,Shapes_Review
Letters,0.9,0,15.0,Letters
Letters,0.4,5,45.0,Letters_Review
Numbers,0.9,0,15.0,Numbers
Numbers,0.4,5,45.0,Numbers_Review
Words,0.9,0,15.0,Words
Words,0.4,5,45.0,Words_Review
MathBasics,0.9,0,15.0,MathBasics
MathBasics,0.4,5,45.0,MathBasics_Review
ReadSimple,0.9,0,15.0,ReadSimple
ReadSimple,0.4,5,45.0,ReadSimple_Review
